check,table,symbol,date,value,corrected,verdict,evidence
units,marketdata_marketcandle[1d_unadj],آباد,1403-02-19,1175.0,,corporate_action,factor 0.0200376 -> 0.894468 and stays there (permanent rebase) -- legitimate
units,marketdata_marketcandle[1d_unadj],آسیا,1399-11-04,3150.0,,corporate_action,factor 0.0449593 -> 0.472381 and stays there (permanent rebase) -- legitimate
units,marketdata_marketcandle[1d_unadj],اخابر,1404-02-07,662.0,,corporate_action,factor 0.0545882 -> 0.873112 and stays there (permanent rebase) -- legitimate
units,marketdata_marketcandle[1d_unadj],انتخاب,1403-03-20,1470.0,,corporate_action,factor 0.0459529 -> 0.714966 and stays there (permanent rebase) -- legitimate
units,marketdata_marketcandle[1d_unadj],بایکا,1398-04-12,3100.0,,corporate_action,factor 0.0707532 -> 0.986774 and stays there (permanent rebase) -- legitimate
units,marketdata_marketcandle[1d_unadj],بترانس,1399-10-22,4060.0,,corporate_action,factor 0.0347448 -> 0.337931 and stays there (permanent rebase) -- legitimate
units,marketdata_marketcandle[1d_adj],بتهران,1405-05-12,551.0,,suspect,"factor 0.1 vs local median 1 (exactly 0.1x); adj=551 vs its own local median 4615 => adj is 10x LOW; corrected value would be 5510; only 2 symbol(s) that day -- uncorroborated, needs a provider re-fetch before any repair"
units,marketdata_marketcandle[1d_unadj],بموتو,1401-03-07,3732.0,,corporate_action,factor 0.0204552 -> 0.428992 and stays there (permanent rebase) -- legitimate
units,marketdata_marketcandle[1d_unadj],بمپنا,1400-06-27,6911.0,,corporate_action,factor 0.038045 -> 0.405585 and stays there (permanent rebase) -- legitimate
units,marketdata_marketcandle[1d_unadj],بکام,1399-06-15,8650.0,,corporate_action,factor 0.0422724 -> 0.56659 and stays there (permanent rebase) -- legitimate
units,marketdata_marketcandle[1d_unadj],تاتمس,1404-08-10,11240.0,,corporate_action,factor 0.0527844 -> 0.998665 and stays there (permanent rebase) -- legitimate
units,marketdata_marketcandle[1d_unadj],تلیسه,1399-08-17,4200.0,,corporate_action,factor 0.0471736 -> 0.673095 and stays there (permanent rebase) -- legitimate
units,marketdata_marketcandle[1d_unadj],تپکو,1398-03-29,700.0,,corporate_action,factor 0.0279155 -> 0.252857 and stays there (permanent rebase) -- legitimate
units,marketdata_marketcandle[1d_unadj],ثاخت,1404-07-22,524.0,,corporate_action,factor 0.0925381 -> 0.84542 and stays there (permanent rebase) -- legitimate
units,marketdata_marketcandle[1d_unadj],ثاخت3,1405-05-12,672.0,,corporate_action,factor 1 -> 0.1 and stays there (permanent rebase) -- legitimate
units,marketdata_marketcandle[1d_unadj],حرهشا,1403-07-01,16270.0,,corporate_action,factor 0.0796967 -> 1 and stays there (permanent rebase) -- legitimate
units,marketdata_marketcandle[1d_unadj],خاذین,1394-12-26,1512.0,,corporate_action,factor 0.0401247 -> 0.410714 and stays there (permanent rebase) -- legitimate
units,marketdata_marketcandle[1d_unadj],خبنیان,1400-10-12,1600.0,,corporate_action,factor 0.00555561 -> 0.995 and stays there (permanent rebase) -- legitimate
units,marketdata_marketcandle[1d_unadj],خبهمن,1400-02-06,1320.0,,corporate_action,factor 0.0563077 -> 0.759091 and stays there (permanent rebase) -- legitimate
units,marketdata_marketcandle[1d_unadj],خفنر,1380-03-12,8140.0,,corporate_action,factor 0.000625 -> 0.00626536 and stays there (permanent rebase) -- legitimate
units,marketdata_marketcandle[1d_unadj],خلیبل,1402-09-07,3038.0,,corporate_action,factor 0.0732346 -> 0.998025 and stays there (permanent rebase) -- legitimate
units,marketdata_marketcandle[1d_unadj],خمحور,1400-06-10,3160.0,,corporate_action,factor 0.0604736 -> 0.912342 and stays there (permanent rebase) -- legitimate
units,marketdata_marketcandle[1d_unadj],خودرو,1399-02-27,1174.0,,corporate_action,factor 0.00600157 -> 0.117547 and stays there (permanent rebase) -- legitimate
units,marketdata_marketcandle[1d_unadj],خکاوه,1404-01-31,1015.0,,corporate_action,factor 0.0472792 -> 1 and stays there (permanent rebase) -- legitimate
units,marketdata_marketcandle[1d_unadj],خکمک,1402-02-09,2037.0,,corporate_action,factor 0.0781958 -> 0.992636 and stays there (permanent rebase) -- legitimate
units,marketdata_marketcandle[1d_unadj],خگستر,1399-02-07,2746.0,,corporate_action,factor 0.0421609 -> 0.695557 and stays there (permanent rebase) -- legitimate
units,marketdata_marketcandle[1d_unadj],دابور,1380-04-25,10500.0,,corporate_action,factor 0.000397727 -> 0.00457143 and stays there (permanent rebase) -- legitimate
units,marketdata_marketcandle[1d_unadj],دارو,1404-06-09,1242.0,,corporate_action,factor 0.0471676 -> 0.936393 and stays there (permanent rebase) -- legitimate
units,marketdata_marketcandle[1d_unadj],دانا,1392-04-25,1258.0,,corporate_action,factor 0.006244 -> 0.0604134 and stays there (permanent rebase) -- legitimate
units,marketdata_marketcandle[1d_unadj],دتوزیع,1404-02-17,1637.0,,corporate_action,factor 0.0514286 -> 0.857056 and stays there (permanent rebase) -- legitimate
units,marketdata_marketcandle[1d_unadj],درهآور,1404-01-10,11020.0,,corporate_action,factor 0.0757484 -> 0.810889 and stays there (permanent rebase) -- legitimate
units,marketdata_marketcandle[1d_unadj],دزهراوی,1398-01-24,3188.0,,corporate_action,factor 0.0207583 -> 0.21675 and stays there (permanent rebase) -- legitimate
units,marketdata_marketcandle[1d_unadj],دلقما,1400-10-28,1729.0,,corporate_action,factor 0.0533224 -> 0.533256 and stays there (permanent rebase) -- legitimate
units,marketdata_marketcandle[1d_unadj],دکیمی,1380-02-22,9700.0,,corporate_action,factor 0.00384176 -> 0.126495 and stays there (permanent rebase) -- legitimate
units,marketdata_marketcandle[1d_unadj],دکیمی,1380-02-31,10206.0,,corporate_action,factor 0.00382353 -> 0.126494 and stays there (permanent rebase) -- legitimate
units,marketdata_marketcandle[1d_unadj],دکیمی,1380-03-16,9580.0,,corporate_action,factor 0.00375 -> 0.126514 and stays there (permanent rebase) -- legitimate
units,marketdata_marketcandle[1d_unadj],دکیمی,1380-03-23,9100.0,,corporate_action,factor 0.00376344 -> 0.126484 and stays there (permanent rebase) -- legitimate
units,marketdata_marketcandle[1d_unadj],دکیمی,1380-04-04,9300.0,,corporate_action,factor 0.00380311 -> 0.126452 and stays there (permanent rebase) -- legitimate
units,marketdata_marketcandle[1d_unadj],دکیمی,1380-05-06,9000.0,,corporate_action,factor 0.00384658 -> 0.126444 and stays there (permanent rebase) -- legitimate
units,marketdata_marketcandle[1d_unadj],دکیمی,1380-05-09,9920.0,,corporate_action,factor 0.00378904 -> 0.126512 and stays there (permanent rebase) -- legitimate
units,marketdata_marketcandle[1d_unadj],دکیمی,1380-05-16,9850.0,,corporate_action,factor 0.00385787 -> 0.126497 and stays there (permanent rebase) -- legitimate
units,marketdata_marketcandle[1d_unadj],دکیمی,1380-05-21,9920.0,,corporate_action,factor 0.00383065 -> 0.126512 and stays there (permanent rebase) -- legitimate
units,marketdata_marketcandle[1d_unadj],دکیمی,1380-05-24,10190.0,,corporate_action,factor 0.00382728 -> 0.126497 and stays there (permanent rebase) -- legitimate
units,marketdata_marketcandle[1d_unadj],دکیمی,1380-05-28,10375.0,,corporate_action,factor 0.00384615 -> 0.126458 and stays there (permanent rebase) -- legitimate
units,marketdata_marketcandle[1d_unadj],دکیمی,1380-05-31,10800.0,,corporate_action,factor 0.0037788 -> 0.126481 and stays there (permanent rebase) -- legitimate
units,marketdata_marketcandle[1d_unadj],دکیمی,1380-06-06,10282.0,,corporate_action,factor 0.00378641 -> 0.126532 and stays there (permanent rebase) -- legitimate
units,marketdata_marketcandle[1d_unadj],دکیمی,1380-06-17,10000.0,,corporate_action,factor 0.00386022 -> 0.1265 and stays there (permanent rebase) -- legitimate
units,marketdata_marketcandle[1d_unadj],دکیمی,1380-06-25,9750.0,,corporate_action,factor 0.00377551 -> 0.126462 and stays there (permanent rebase) -- legitimate
units,marketdata_marketcandle[1d_unadj],دکیمی,1380-06-31,10004.0,,corporate_action,factor 0.00379962 -> 0.126449 and stays there (permanent rebase) -- legitimate
units,marketdata_marketcandle[1d_unadj],دکیمی,1380-08-15,8935.0,,corporate_action,factor 0.00386364 -> 0.126469 and stays there (permanent rebase) -- legitimate
units,marketdata_marketcandle[1d_unadj],دکیمی,1380-09-17,9561.0,,corporate_action,factor 0.00375391 -> 0.126451 and stays there (permanent rebase) -- legitimate
units,marketdata_marketcandle[1d_unadj],دکیمی,1380-09-19,9568.0,,corporate_action,factor 0.00384256 -> 0.126463 and stays there (permanent rebase) -- legitimate
units,marketdata_marketcandle[1d_unadj],دکیمی,1380-09-24,9757.0,,corporate_action,factor 0.00381365 -> 0.126473 and stays there (permanent rebase) -- legitimate
units,marketdata_marketcandle[1d_unadj],دکیمی,1380-10-02,9354.0,,corporate_action,factor 0.00376344 -> 0.12647 and stays there (permanent rebase) -- legitimate
units,marketdata_marketcandle[1d_unadj],دکیمی,1380-10-04,9450.0,,corporate_action,factor 0.00380952 -> 0.126455 and stays there (permanent rebase) -- legitimate
units,marketdata_marketcandle[1d_unadj],دکیمی,1380-10-10,9600.0,,corporate_action,factor 0.00384205 -> 0.126458 and stays there (permanent rebase) -- legitimate
units,marketdata_marketcandle[1d_unadj],دکیمی,1380-10-22,9200.0,,corporate_action,factor 0.00376344 -> 0.126522 and stays there (permanent rebase) -- legitimate
units,marketdata_marketcandle[1d_unadj],دکیمی,1380-11-03,9311.0,,corporate_action,factor 0.00380352 -> 0.126517 and stays there (permanent rebase) -- legitimate
units,marketdata_marketcandle[1d_unadj],دکیمی,1380-11-07,9596.0,,corporate_action,factor 0.00375078 -> 0.126511 and stays there (permanent rebase) -- legitimate
units,marketdata_marketcandle[1d_unadj],دکیمی,1380-11-17,9100.0,,corporate_action,factor 0.00384615 -> 0.126484 and stays there (permanent rebase) -- legitimate
units,marketdata_marketcandle[1d_unadj],دکیمی,1380-11-30,9000.0,,corporate_action,factor 0.00375691 -> 0.126444 and stays there (permanent rebase) -- legitimate
units,marketdata_marketcandle[1d_unadj],دکیمی,1380-12-05,9214.0,,corporate_action,factor 0.00380435 -> 0.126438 and stays there (permanent rebase) -- legitimate
units,marketdata_marketcandle[1d_unadj],دکیمی,1380-12-07,9500.0,,corporate_action,factor 0.00381356 -> 0.126526 and stays there (permanent rebase) -- legitimate
units,marketdata_marketcandle[1d_unadj],دکیمی,1381-01-20,11014.0,,corporate_action,factor 0.00381537 -> 0.126475 and stays there (permanent rebase) -- legitimate
units,marketdata_marketcandle[1d_unadj],دکیمی,1381-03-19,10000.0,,corporate_action,factor 0.0044 -> 0.1265 and stays there (permanent rebase) -- legitimate
units,marketdata_marketcandle[1d_unadj],دکیمی,1381-03-22,10710.0,,corporate_action,factor 0.00441176 -> 0.126517 and stays there (permanent rebase) -- legitimate
units,marketdata_marketcandle[1d_unadj],دکیمی,1381-03-29,10600.0,,corporate_action,factor 0.00438842 -> 0.126509 and stays there (permanent rebase) -- legitimate
units,marketdata_marketcandle[1d_unadj],دکیمی,1381-04-18,10400.0,,corporate_action,factor 0.00442308 -> 0.126442 and stays there (permanent rebase) -- legitimate
units,marketdata_marketcandle[1d_unadj],دکیمی,1381-04-22,10301.0,,corporate_action,factor 0.00442435 -> 0.126493 and stays there (permanent rebase) -- legitimate
units,marketdata_marketcandle[1d_unadj],دکیمی,1381-04-30,11605.0,,corporate_action,factor 0.00443478 -> 0.126497 and stays there (permanent rebase) -- legitimate
units,marketdata_marketcandle[1d_unadj],ذوب,1403-01-08,544.0,,corporate_action,factor 0.106095 -> 1 and stays there (permanent rebase) -- legitimate
units,marketdata_marketcandle[1d_unadj],رفاه,1401-08-30,202730.0,,corporate_action,factor 8.70322e-05 -> 0.895718 and stays there (permanent rebase) -- legitimate
units,marketdata_marketcandle[1d_unadj],زبینا,1399-12-16,3567.0,,corporate_action,factor 0.0635047 -> 0.577796 and stays there (permanent rebase) -- legitimate
units,marketdata_marketcandle[1d_unadj],زشگزا,1399-11-01,10849.0,,corporate_action,factor 0.0463937 -> 0.556733 and stays there (permanent rebase) -- legitimate
units,marketdata_marketcandle[1d_unadj],زفکا,1403-04-20,1823.0,,corporate_action,factor 0.0893658 -> 0.805815 and stays there (permanent rebase) -- legitimate
units,marketdata_marketcandle[1d_unadj],زقیام,1400-08-05,1802.0,,corporate_action,factor 0.0643272 -> 0.634295 and stays there (permanent rebase) -- legitimate
units,marketdata_marketcandle[1d_unadj],زملارد,1403-04-24,1020.0,,corporate_action,factor 0.055342 -> 1.00392 and stays there (permanent rebase) -- legitimate
units,marketdata_marketcandle[1d_unadj],ساذری,1399-07-28,11516.0,,corporate_action,factor 0.0287476 -> 1 and stays there (permanent rebase) -- legitimate
units,marketdata_marketcandle[1d_unadj],ساوه,1403-05-10,5570.0,,corporate_action,factor 0.0304087 -> 0.801257 and stays there (permanent rebase) -- legitimate
units,marketdata_marketcandle[1d_unadj],سبهان,1403-04-31,2512.0,,corporate_action,factor 0.0208079 -> 0.769904 and stays there (permanent rebase) -- legitimate
units,marketdata_marketcandle[1d_unadj],ستران,1402-07-10,5500.0,,corporate_action,factor 0.0828342 -> 0.805273 and stays there (permanent rebase) -- legitimate
units,marketdata_marketcandle[1d_unadj],سخاش,1402-11-02,3530.0,,corporate_action,factor 0.0242611 -> 0.643059 and stays there (permanent rebase) -- legitimate
units,marketdata_marketcandle[1d_unadj],سرود,1403-10-08,5093.0,,corporate_action,factor 0.0679057 -> 0.805419 and stays there (permanent rebase) -- legitimate
units,marketdata_marketcandle[1d_unadj],سصوفی,1380-04-23,12916.0,,corporate_action,factor 0.002764 -> 0.078275 and stays there (permanent rebase) -- legitimate
units,marketdata_marketcandle[1d_unadj],سصوفی,1380-06-17,15301.0,,corporate_action,factor 0.00281967 -> 0.0782955 and stays there (permanent rebase) -- legitimate
units,marketdata_marketcandle[1d_unadj],سصوفی,1380-07-18,16672.0,,corporate_action,factor 0.00281961 -> 0.0783349 and stays there (permanent rebase) -- legitimate
units,marketdata_marketcandle[1d_unadj],سصوفی,1380-12-28,33331.0,,corporate_action,factor 0.0028181 -> 0.0783055 and stays there (permanent rebase) -- legitimate
units,marketdata_marketcandle[1d_unadj],سصوفی,1381-03-27,39889.0,,corporate_action,factor 0.00280779 -> 0.0783173 and stays there (permanent rebase) -- legitimate
units,marketdata_marketcandle[1d_unadj],سغرب,1380-12-20,16830.0,,corporate_action,factor 0.000294135 -> 0.00362448 and stays there (permanent rebase) -- legitimate
units,marketdata_marketcandle[1d_unadj],سغرب,1381-04-10,23210.0,,corporate_action,factor 0.000309133 -> 0.00361913 and stays there (permanent rebase) -- legitimate
units,marketdata_marketcandle[1d_unadj],سغرب,1403-08-30,3656.0,,corporate_action,factor 0.0706309 -> 0.798961 and stays there (permanent rebase) -- legitimate
units,marketdata_marketcandle[1d_unadj],سفاسی,1398-01-24,1898.0,,corporate_action,factor 0.0454397 -> 1 and stays there (permanent rebase) -- legitimate
units,marketdata_marketcandle[1d_unadj],سقاین,1402-06-19,6420.0,,corporate_action,factor 0.0465042 -> 0.744081 and stays there (permanent rebase) -- legitimate
units,marketdata_marketcandle[1d_unadj],سلار,1403-01-21,2935.0,,corporate_action,factor 0.0565037 -> 0.817036 and stays there (permanent rebase) -- legitimate
units,marketdata_marketcandle[1d_unadj],سنیر,1403-07-16,2455.0,,corporate_action,factor 0.052245 -> 0.771079 and stays there (permanent rebase) -- legitimate
units,marketdata_marketcandle[1d_unadj],سیمرغ,1403-06-20,1483.0,,corporate_action,factor 0.0389404 -> 0.874579 and stays there (permanent rebase) -- legitimate
units,marketdata_marketcandle[1d_unadj],شستا,1400-12-11,928.0,,corporate_action,factor 0.0468551 -> 0.543103 and stays there (permanent rebase) -- legitimate
units,marketdata_marketcandle[1d_unadj],شسینا,1400-10-06,3465.0,,corporate_action,factor 0.0265794 -> 0.621934 and stays there (permanent rebase) -- legitimate
units,marketdata_marketcandle[1d_unadj],شصفها,1405-04-22,2868.0,,corporate_action,factor 0.029942 -> 1 and stays there (permanent rebase) -- legitimate
units,marketdata_marketcandle[1d_unadj],شفارا,1398-02-04,1398.0,,corporate_action,factor 0.0110801 -> 0.194564 and stays there (permanent rebase) -- legitimate
units,marketdata_marketcandle[1d_unadj],شفارس,1400-04-14,2085.0,,corporate_action,factor 0.0440879 -> 0.835012 and stays there (permanent rebase) -- legitimate
units,marketdata_marketcandle[1d_unadj],شفن,1400-08-19,13530.0,,corporate_action,factor 0.0221641 -> 0.667554 and stays there (permanent rebase) -- legitimate
units,marketdata_marketcandle[1d_unadj],شلعاب,1402-12-23,1805.0,,corporate_action,factor 0.0878191 -> 0.930748 and stays there (permanent rebase) -- legitimate
units,marketdata_marketcandle[1d_unadj],شپدیس,1405-03-12,13250.0,,corporate_action,factor 0.0256879 -> 1 and stays there (permanent rebase) -- legitimate
units,marketdata_marketcandle[1d_unadj],شکربن,1380-01-27,17030.0,,corporate_action,factor 0.000529349 -> 0.0120963 and stays there (permanent rebase) -- legitimate
units,marketdata_marketcandle[1d_unadj],شکربن,1380-02-05,15975.0,,corporate_action,factor 0.0005625 -> 0.0120814 and stays there (permanent rebase) -- legitimate
units,marketdata_marketcandle[1d_unadj],شکربن,1380-03-21,16751.0,,corporate_action,factor 0.000616409 -> 0.012059 and stays there (permanent rebase) -- legitimate
units,marketdata_marketcandle[1d_unadj],شکربن,1380-03-26,16850.0,,corporate_action,factor 0.000593472 -> 0.0121068 and stays there (permanent rebase) -- legitimate
units,marketdata_marketcandle[1d_unadj],شکربن,1380-05-14,19000.0,,corporate_action,factor 0.000651961 -> 0.0121053 and stays there (permanent rebase) -- legitimate
units,marketdata_marketcandle[1d_unadj],شکربن,1380-06-07,20700.0,,corporate_action,factor 0.00057971 -> 0.0120773 and stays there (permanent rebase) -- legitimate
units,marketdata_marketcandle[1d_unadj],شکربن,1380-06-11,21300.0,,corporate_action,factor 0.000619048 -> 0.0120657 and stays there (permanent rebase) -- legitimate
units,marketdata_marketcandle[1d_unadj],شکربن,1380-07-01,21000.0,,corporate_action,factor 0.000621861 -> 0.0120952 and stays there (permanent rebase) -- legitimate
units,marketdata_marketcandle[1d_unadj],شکربن,1380-08-08,21200.0,,corporate_action,factor 0.000625 -> 0.0120755 and stays there (permanent rebase) -- legitimate
units,marketdata_marketcandle[1d_unadj],شکربن,1380-10-08,22470.0,,corporate_action,factor 0.000577803 -> 0.012105 and stays there (permanent rebase) -- legitimate
units,marketdata_marketcandle[1d_unadj],شکربن,1380-12-27,23321.0,,corporate_action,factor 0.000603474 -> 0.0120921 and stays there (permanent rebase) -- legitimate
units,marketdata_marketcandle[1d_unadj],شکربن,1381-01-17,23303.0,,corporate_action,factor 0.000585774 -> 0.0121014 and stays there (permanent rebase) -- legitimate
units,marketdata_marketcandle[1d_unadj],شکربن,1401-02-26,4058.0,,corporate_action,factor 0.0192879 -> 0.492854 and stays there (permanent rebase) -- legitimate
units,marketdata_marketcandle[1d_unadj],شگامرن,1403-11-03,17890.0,,corporate_action,factor 0.0939817 -> 0.998826 and stays there (permanent rebase) -- legitimate
units,marketdata_marketcandle[1d_unadj],غدشت,1400-10-11,20390.0,,corporate_action,factor 0.0139375 -> 0.177832 and stays there (permanent rebase) -- legitimate
units,marketdata_marketcandle[1d_unadj],غسالم,1392-05-13,2808.0,,corporate_action,factor 0.00250627 -> 0.0259972 and stays there (permanent rebase) -- legitimate
units,marketdata_marketcandle[1d_unadj],غسالم,1399-02-28,14104.0,,corporate_action,factor 0.0377197 -> 0.563812 and stays there (permanent rebase) -- legitimate
units,marketdata_marketcandle[1d_unadj],غناب,1402-10-16,1359.0,,corporate_action,factor 0.00111144 -> 0.998528 and stays there (permanent rebase) -- legitimate
units,marketdata_marketcandle[1d_unadj],غپاک,1403-01-19,1575.0,,corporate_action,factor 0.104036 -> 1 and stays there (permanent rebase) -- legitimate
units,marketdata_marketcandle[1d_unadj],غگل,1398-12-19,5479.0,,corporate_action,factor 0.0103703 -> 0.316664 and stays there (permanent rebase) -- legitimate
units,marketdata_marketcandle[1d_unadj],غگلستا3,1405-04-02,11490.0,,corporate_action,factor 0.1 -> 0.909138 and stays there (permanent rebase) -- legitimate
units,marketdata_marketcandle[1d_unadj],فاذر,1400-04-01,1249.0,,corporate_action,factor 0.0551905 -> 1 and stays there (permanent rebase) -- legitimate
units,marketdata_marketcandle[1d_unadj],فباهنر,1402-01-16,4558.0,,corporate_action,factor 0.0670842 -> 0.628785 and stays there (permanent rebase) -- legitimate
units,marketdata_marketcandle[1d_unadj],فبیرا,1397-09-03,1580.0,,corporate_action,factor 0.0255952 -> 0.573418 and stays there (permanent rebase) -- legitimate
units,marketdata_marketcandle[1d_unadj],فجوش,1401-03-30,2111.0,,corporate_action,factor 0.00492468 -> 1 and stays there (permanent rebase) -- legitimate
units,marketdata_marketcandle[1d_unadj],فروژ,1403-02-10,2100.0,,corporate_action,factor 0.0546085 -> 0.990476 and stays there (permanent rebase) -- legitimate
units,marketdata_marketcandle[1d_unadj],فسرب,1400-09-30,1940.0,,corporate_action,factor 0.0288374 -> 0.992268 and stays there (permanent rebase) -- legitimate
units,marketdata_marketcandle[1d_unadj],فلوله,1380-06-17,3490.0,,corporate_action,factor 0.000857143 -> 0.00773639 and stays there (permanent rebase) -- legitimate
units,marketdata_marketcandle[1d_unadj],فلوله,1400-07-21,1264.0,,corporate_action,factor 0.0346398 -> 0.465981 and stays there (permanent rebase) -- legitimate
units,marketdata_marketcandle[1d_unadj],فنوال,1394-02-08,1175.0,,corporate_action,factor 0.00288462 -> 0.0382979 and stays there (permanent rebase) -- legitimate
units,marketdata_marketcandle[1d_unadj],فنورد,1401-06-01,20500.0,,corporate_action,factor 0.0166736 -> 0.183366 and stays there (permanent rebase) -- legitimate
units,marketdata_marketcandle[1d_unadj],فپنتا,1401-12-08,34400.0,,corporate_action,factor 0.0474178 -> 0.901047 and stays there (permanent rebase) -- legitimate
units,marketdata_marketcandle[1d_unadj],قاروم,1399-03-24,2741.0,,corporate_action,factor 0.0215165 -> 0.390733 and stays there (permanent rebase) -- legitimate
units,marketdata_marketcandle[1d_unadj],قثابت,1400-06-07,5035.0,,corporate_action,factor 0.0773108 -> 0.978749 and stays there (permanent rebase) -- legitimate
units,marketdata_marketcandle[1d_unadj],قجام,1395-07-05,1200.0,,corporate_action,factor 0.039509 -> 0.474167 and stays there (permanent rebase) -- legitimate
units,marketdata_marketcandle[1d_unadj],قصفها,1403-07-21,1031.0,,corporate_action,factor 0.00511416 -> 0.792435 and stays there (permanent rebase) -- legitimate
units,marketdata_marketcandle[1d_unadj],قلرست,1394-02-21,3785.0,,corporate_action,factor 0.00653992 -> 0.0652576 and stays there (permanent rebase) -- legitimate
units,marketdata_marketcandle[1d_unadj],قنقش,1404-06-30,2237.0,,corporate_action,factor 0.0177471 -> 1 and stays there (permanent rebase) -- legitimate
units,marketdata_marketcandle[1d_unadj],قنیشا,1401-04-13,2527.0,,corporate_action,factor 0.0654523 -> 0.931539 and stays there (permanent rebase) -- legitimate
units,marketdata_marketcandle[1d_unadj],قپیرا,1380-10-11,9500.0,,corporate_action,factor 0.000615953 -> 0.00747368 and stays there (permanent rebase) -- legitimate
units,marketdata_marketcandle[1d_unadj],قپیرا,1380-10-30,10000.0,,corporate_action,factor 0.000621697 -> 0.0075 and stays there (permanent rebase) -- legitimate
units,marketdata_marketcandle[1d_unadj],قپیرا,1380-11-27,9399.0,,corporate_action,factor 0.000531915 -> 0.0074476 and stays there (permanent rebase) -- legitimate
units,marketdata_marketcandle[1d_unadj],قپیرا,1380-12-21,11001.0,,corporate_action,factor 0.000646771 -> 0.00745387 and stays there (permanent rebase) -- legitimate
units,marketdata_marketcandle[1d_unadj],قپیرا,1381-02-30,14751.0,,corporate_action,factor 0.000622708 -> 0.00745712 and stays there (permanent rebase) -- legitimate
units,marketdata_marketcandle[1d_unadj],قپیرا,1381-03-01,15875.0,,corporate_action,factor 0.000645661 -> 0.00749606 and stays there (permanent rebase) -- legitimate
units,marketdata_marketcandle[1d_unadj],قپیرا,1381-03-29,15250.0,,corporate_action,factor 0.000668003 -> 0.00747541 and stays there (permanent rebase) -- legitimate
units,marketdata_marketcandle[1d_unadj],قپیرا,1381-04-17,14400.0,,corporate_action,factor 0.000625 -> 0.0075 and stays there (permanent rebase) -- legitimate
units,marketdata_marketcandle[1d_unadj],قپیرا,1381-04-24,14332.0,,corporate_action,factor 0.000629371 -> 0.00746581 and stays there (permanent rebase) -- legitimate
units,marketdata_marketcandle[1d_unadj],قپیرا,1400-04-07,8960.0,,corporate_action,factor 0.0587107 -> 0.742522 and stays there (permanent rebase) -- legitimate
units,marketdata_marketcandle[1d_unadj],قیستو,1393-07-15,3500.0,,corporate_action,factor 0.0124074 -> 0.198571 and stays there (permanent rebase) -- legitimate
units,marketdata_marketcandle[1d_unadj],لخزر,1401-12-01,14350.0,,corporate_action,factor 0.0123444 -> 0.135819 and stays there (permanent rebase) -- legitimate
units,marketdata_marketcandle[1d_unadj],لطیف,1404-02-27,2834.0,,corporate_action,factor 0.0290621 -> 0.900494 and stays there (permanent rebase) -- legitimate
units,marketdata_marketcandle[1d_unadj],لکما,1394-05-12,700.0,,corporate_action,factor 0.00670779 -> 0.154286 and stays there (permanent rebase) -- legitimate
units,marketdata_marketcandle[1d_unadj],ملت,1400-05-18,1375.0,,corporate_action,factor 0.0854629 -> 0.958545 and stays there (permanent rebase) -- legitimate
units,marketdata_marketcandle[1d_unadj],هجرت,1404-05-26,2465.0,,corporate_action,factor 0.0706079 -> 0.911562 and stays there (permanent rebase) -- legitimate
units,marketdata_marketcandle[1d_unadj],وآتوس,1402-03-24,5400.0,,corporate_action,factor 0.0125921 -> 0.879074 and stays there (permanent rebase) -- legitimate
units,marketdata_marketcandle[1d_unadj],وامیر,1403-07-07,3939.0,,corporate_action,factor 0.0130727 -> 0.985275 and stays there (permanent rebase) -- legitimate
units,marketdata_marketcandle[1d_adj],وتعاون,1405-05-12,195.8,,suspect,"factor 0.1 vs local median 1 (exactly 0.1x); adj=195.8 vs its own local median 1797 => adj is 10x LOW; corrected value would be 1958; only 2 symbol(s) that day -- uncorroborated, needs a provider re-fetch before any repair"
units,marketdata_marketcandle[1d_adj],وتعاون,1405-05-14,203.2,,suspect,"factor 0.1 vs local median 1 (exactly 0.1x); adj=203.2 vs its own local median 1782.5 => adj is 10x LOW; corrected value would be 2032; only 1 symbol(s) that day -- uncorroborated, needs a provider re-fetch before any repair"
units,marketdata_marketcandle[1d_unadj],وتعاون,1405-05-12,1958.0,,corporate_action,factor 1 -> 0.1 and stays there (permanent rebase) -- legitimate
units,marketdata_marketcandle[1d_unadj],ودانا,1401-06-29,4940.0,,corporate_action,factor 0.00196078 -> 0.917611 and stays there (permanent rebase) -- legitimate
units,marketdata_marketcandle[1d_unadj],وساخت,1401-04-22,1168.0,,corporate_action,factor 0.0312588 -> 0.886986 and stays there (permanent rebase) -- legitimate
units,marketdata_marketcandle[1d_unadj],وسدید,1398-03-22,1678.0,,corporate_action,factor 0.0065902 -> 0.131108 and stays there (permanent rebase) -- legitimate
units,marketdata_marketcandle[1d_unadj],ولراز,1402-11-10,7000.0,,corporate_action,factor 0.0484708 -> 0.862 and stays there (permanent rebase) -- legitimate
units,marketdata_marketcandle[1d_unadj],ومشان,1402-07-19,20800.0,,corporate_action,factor 0.0221764 -> 0.288077 and stays there (permanent rebase) -- legitimate
units,marketdata_marketcandle[1d_unadj],وهور,1399-12-10,2338.0,,corporate_action,factor 0.044 -> 0.727973 and stays there (permanent rebase) -- legitimate
units,marketdata_marketcandle[1d_unadj],وپخش,1380-04-03,4350.0,,corporate_action,factor 0.000909091 -> 0.0112644 and stays there (permanent rebase) -- legitimate
units,marketdata_marketcandle[1d_unadj],پارس,1401-02-27,2798.0,,corporate_action,factor 0.00633889 -> 0.503574 and stays there (permanent rebase) -- legitimate
units,marketdata_marketcandle[1d_unadj],پاکشو,1400-02-04,6640.0,,corporate_action,factor 0.0383659 -> 0.460542 and stays there (permanent rebase) -- legitimate
units,marketdata_marketcandle[1d_unadj],پتایر,1399-11-27,4810.0,,corporate_action,factor 0.0120103 -> 0.414553 and stays there (permanent rebase) -- legitimate
units,marketdata_marketcandle[1d_unadj],چنوپا,1401-11-02,17200.0,,corporate_action,factor 0.0127523 -> 0.313663 and stays there (permanent rebase) -- legitimate
units,marketdata_marketcandle[1d_unadj],چکارن,1399-03-21,10450.0,,corporate_action,factor 0.0598231 -> 0.776555 and stays there (permanent rebase) -- legitimate
units,marketdata_marketcandle[1d_adj],کاما,1396-10-21,10.1,,suspect,"factor 0.00106777 vs local median 0.0106373 (exactly 0.1x); adj=10.1 vs its own local median 101.5 => adj is 10x LOW; corrected value would be 101; only 1 symbol(s) that day -- uncorroborated, needs a provider re-fetch before any repair"
units,marketdata_marketcandle[1d_adj],کاما,1396-10-22,10.1,,suspect,"factor 0.00106777 vs local median 0.0106373 (exactly 0.1x); adj=10.1 vs its own local median 103 => adj is 10x LOW; corrected value would be 101; only 1 symbol(s) that day -- uncorroborated, needs a provider re-fetch before any repair"
units,marketdata_marketcandle[1d_adj],کاما,1396-11-19,11.2,,suspect,"factor 0.00106596 vs local median 0.0106536 (exactly 0.1x); adj=11.2 vs its own local median 107 => adj is 10x LOW; corrected value would be 112; only 1 symbol(s) that day -- uncorroborated, needs a provider re-fetch before any repair"
units,marketdata_marketcandle[1d_adj],کاما,1396-11-20,11.2,,suspect,"factor 0.00106596 vs local median 0.0106536 (exactly 0.1x); adj=11.2 vs its own local median 107 => adj is 10x LOW; corrected value would be 112; only 1 symbol(s) that day -- uncorroborated, needs a provider re-fetch before any repair"
units,marketdata_marketcandle[1d_adj],کاما,1397-05-18,13.2,,suspect,"factor 0.002128 vs local median 0.0212715 (exactly 0.1x); adj=13.2 vs its own local median 107.5 => adj is 10x LOW; corrected value would be 132; only 1 symbol(s) that day -- uncorroborated, needs a provider re-fetch before any repair"
units,marketdata_marketcandle[1d_adj],کاما,1397-05-19,13.2,,suspect,"factor 0.002128 vs local median 0.0212715 (exactly 0.1x); adj=13.2 vs its own local median 112.5 => adj is 10x LOW; corrected value would be 132; only 1 symbol(s) that day -- uncorroborated, needs a provider re-fetch before any repair"
units,marketdata_marketcandle[1d_adj],کاما,1397-05-20,13.2,,suspect,"factor 0.002128 vs local median 0.0212741 (exactly 0.1x); adj=13.2 vs its own local median 117 => adj is 10x LOW; corrected value would be 132; only 1 symbol(s) that day -- uncorroborated, needs a provider re-fetch before any repair"
units,marketdata_marketcandle[1d_adj],کاما,1397-05-31,12.9,,suspect,"factor 0.00212906 vs local median 0.0212653 (exactly 0.1x); adj=12.9 vs its own local median 128 => adj is 10x LOW; corrected value would be 129; only 1 symbol(s) that day -- uncorroborated, needs a provider re-fetch before any repair"
units,marketdata_marketcandle[1d_adj],کاما,1397-06-01,12.9,,suspect,"factor 0.00212906 vs local median 0.0212653 (exactly 0.1x); adj=12.9 vs its own local median 128 => adj is 10x LOW; corrected value would be 129; only 1 symbol(s) that day -- uncorroborated, needs a provider re-fetch before any repair"
units,marketdata_marketcandle[1d_adj],کاما,1397-06-02,12.9,,suspect,"factor 0.00212906 vs local median 0.0212658 (exactly 0.1x); adj=12.9 vs its own local median 130 => adj is 10x LOW; corrected value would be 129; only 1 symbol(s) that day -- uncorroborated, needs a provider re-fetch before any repair"
units,marketdata_marketcandle[1d_adj],کاما,1397-06-15,16.0,,suspect,"factor 0.00213618 vs local median 0.0212695 (exactly 0.1x); adj=16 vs its own local median 154.5 => adj is 10x LOW; corrected value would be 160; only 1 symbol(s) that day -- uncorroborated, needs a provider re-fetch before any repair"
units,marketdata_marketcandle[1d_adj],کاما,1397-06-16,16.0,,suspect,"factor 0.00213618 vs local median 0.0212681 (exactly 0.1x); adj=16 vs its own local median 154.5 => adj is 10x LOW; corrected value would be 160; only 1 symbol(s) that day -- uncorroborated, needs a provider re-fetch before any repair"
units,marketdata_marketcandle[1d_adj],کاما,1397-06-22,18.7,,suspect,"factor 0.00212524 vs local median 0.0212844 (exactly 0.1x); adj=18.7 vs its own local median 166 => adj is 10x LOW; corrected value would be 187; only 1 symbol(s) that day -- uncorroborated, needs a provider re-fetch before any repair"
units,marketdata_marketcandle[1d_adj],کاما,1397-06-23,18.7,,suspect,"factor 0.00212524 vs local median 0.0212846 (exactly 0.1x); adj=18.7 vs its own local median 172.5 => adj is 10x LOW; corrected value would be 187; only 1 symbol(s) that day -- uncorroborated, needs a provider re-fetch before any repair"
units,marketdata_marketcandle[1d_adj],کاما,1397-07-05,22.1,,suspect,"factor 0.00213238 vs local median 0.0212923 (exactly 0.1x); adj=22.1 vs its own local median 190.5 => adj is 10x LOW; corrected value would be 221; only 1 symbol(s) that day -- uncorroborated, needs a provider re-fetch before any repair"
units,marketdata_marketcandle[1d_adj],کاما,1397-07-06,22.1,,suspect,"factor 0.00213238 vs local median 0.0212902 (exactly 0.1x); adj=22.1 vs its own local median 195.5 => adj is 10x LOW; corrected value would be 221; only 1 symbol(s) that day -- uncorroborated, needs a provider re-fetch before any repair"
units,marketdata_marketcandle[1d_adj],کاما,1397-07-08,24.3,,suspect,"factor 0.00212673 vs local median 0.0212902 (exactly 0.1x); adj=24.3 vs its own local median 200 => adj is 10x LOW; corrected value would be 243; only 1 symbol(s) that day -- uncorroborated, needs a provider re-fetch before any repair"
units,marketdata_marketcandle[1d_adj],کاما,1397-07-19,21.6,,suspect,"factor 0.00213039 vs local median 0.0212878 (exactly 0.1x); adj=21.6 vs its own local median 205.5 => adj is 10x LOW; corrected value would be 216; only 1 symbol(s) that day -- uncorroborated, needs a provider re-fetch before any repair"
units,marketdata_marketcandle[1d_adj],کاما,1397-07-20,21.6,,suspect,"factor 0.00213039 vs local median 0.0212878 (exactly 0.1x); adj=21.6 vs its own local median 207.5 => adj is 10x LOW; corrected value would be 216; only 1 symbol(s) that day -- uncorroborated, needs a provider re-fetch before any repair"
units,marketdata_marketcandle[1d_adj],کاما,1397-08-03,20.0,,suspect,"factor 0.00212766 vs local median 0.0212878 (exactly 0.1x); adj=20 vs its own local median 212 => adj is 10x LOW; corrected value would be 200; only 1 symbol(s) that day -- uncorroborated, needs a provider re-fetch before any repair"
units,marketdata_marketcandle[1d_adj],کاما,1397-08-04,20.0,,suspect,"factor 0.00212766 vs local median 0.0212839 (exactly 0.1x); adj=20 vs its own local median 209.5 => adj is 10x LOW; corrected value would be 200; only 1 symbol(s) that day -- uncorroborated, needs a provider re-fetch before any repair"
units,marketdata_marketcandle[1d_adj],کاما,1397-08-08,21.9,,suspect,"factor 0.00213222 vs local median 0.0212807 (exactly 0.1x); adj=21.9 vs its own local median 209 => adj is 10x LOW; corrected value would be 219; only 1 symbol(s) that day -- uncorroborated, needs a provider re-fetch before any repair"
units,marketdata_marketcandle[1d_adj],کاما,1397-08-10,20.9,,suspect,"factor 0.00212723 vs local median 0.0212839 (exactly 0.1x); adj=20.9 vs its own local median 209 => adj is 10x LOW; corrected value would be 209; only 1 symbol(s) that day -- uncorroborated, needs a provider re-fetch before any repair"
units,marketdata_marketcandle[1d_adj],کاما,1397-08-11,20.9,,suspect,"factor 0.00212723 vs local median 0.0212786 (exactly 0.1x); adj=20.9 vs its own local median 209 => adj is 10x LOW; corrected value would be 209; only 1 symbol(s) that day -- uncorroborated, needs a provider re-fetch before any repair"
units,marketdata_marketcandle[1d_adj],کاما,1397-08-16,23.1,,suspect,"factor 0.00213119 vs local median 0.0212786 (exactly 0.1x); adj=23.1 vs its own local median 209 => adj is 10x LOW; corrected value would be 231; only 1 symbol(s) that day -- uncorroborated, needs a provider re-fetch before any repair"
units,marketdata_marketcandle[1d_adj],کاما,1397-08-17,23.1,,suspect,"factor 0.00213119 vs local median 0.0212786 (exactly 0.1x); adj=23.1 vs its own local median 207.5 => adj is 10x LOW; corrected value would be 231; only 1 symbol(s) that day -- uncorroborated, needs a provider re-fetch before any repair"
units,marketdata_marketcandle[1d_adj],کاما,1397-08-18,23.1,,suspect,"factor 0.00213119 vs local median 0.0212766 (exactly 0.1x); adj=23.1 vs its own local median 205.5 => adj is 10x LOW; corrected value would be 231; only 1 symbol(s) that day -- uncorroborated, needs a provider re-fetch before any repair"
units,marketdata_marketcandle[1d_adj],کاما,1397-08-24,22.3,,suspect,"factor 0.00212888 vs local median 0.0212703 (exactly 0.1x); adj=22.3 vs its own local median 199 => adj is 10x LOW; corrected value would be 223; only 1 symbol(s) that day -- uncorroborated, needs a provider re-fetch before any repair"
units,marketdata_marketcandle[1d_adj],کاما,1397-08-25,22.3,,suspect,"factor 0.00212888 vs local median 0.0212703 (exactly 0.1x); adj=22.3 vs its own local median 199 => adj is 10x LOW; corrected value would be 223; only 1 symbol(s) that day -- uncorroborated, needs a provider re-fetch before any repair"
units,marketdata_marketcandle[1d_adj],کاما,1397-09-01,21.0,,suspect,"factor 0.00213198 vs local median 0.0212786 (exactly 0.1x); adj=21 vs its own local median 199 => adj is 10x LOW; corrected value would be 210; only 1 symbol(s) that day -- uncorroborated, needs a provider re-fetch before any repair"
units,marketdata_marketcandle[1d_adj],کاما,1397-09-02,21.0,,suspect,"factor 0.00213198 vs local median 0.0212786 (exactly 0.1x); adj=21 vs its own local median 199 => adj is 10x LOW; corrected value would be 210; only 1 symbol(s) that day -- uncorroborated, needs a provider re-fetch before any repair"
units,marketdata_marketcandle[1d_adj],کاما,1397-09-04,20.0,,suspect,"factor 0.00212766 vs local median 0.0212778 (exactly 0.1x); adj=20 vs its own local median 196.5 => adj is 10x LOW; corrected value would be 200; only 1 symbol(s) that day -- uncorroborated, needs a provider re-fetch before any repair"
units,marketdata_marketcandle[1d_adj],کاما,1397-09-08,18.8,,suspect,"factor 0.0021337 vs local median 0.0212725 (exactly 0.1x); adj=18.8 vs its own local median 194.5 => adj is 10x LOW; corrected value would be 188; only 1 symbol(s) that day -- uncorroborated, needs a provider re-fetch before any repair"
units,marketdata_marketcandle[1d_adj],کاما,1397-09-09,18.8,,suspect,"factor 0.0021337 vs local median 0.0212725 (exactly 0.1x); adj=18.8 vs its own local median 194.5 => adj is 10x LOW; corrected value would be 188; only 1 symbol(s) that day -- uncorroborated, needs a provider re-fetch before any repair"
units,marketdata_marketcandle[1d_adj],کاما,1397-09-15,20.2,,suspect,"factor 0.00212609 vs local median 0.0212617 (exactly 0.1x); adj=20.2 vs its own local median 191 => adj is 10x LOW; corrected value would be 202; only 1 symbol(s) that day -- uncorroborated, needs a provider re-fetch before any repair"
units,marketdata_marketcandle[1d_adj],کاما,1397-09-16,20.2,,suspect,"factor 0.00212609 vs local median 0.0212654 (exactly 0.1x); adj=20.2 vs its own local median 191 => adj is 10x LOW; corrected value would be 202; only 1 symbol(s) that day -- uncorroborated, needs a provider re-fetch before any repair"
units,marketdata_marketcandle[1d_adj],کاما,1397-09-29,18.2,,suspect,"factor 0.00212592 vs local median 0.0212731 (exactly 0.1x); adj=18.2 vs its own local median 187.5 => adj is 10x LOW; corrected value would be 182; only 1 symbol(s) that day -- uncorroborated, needs a provider re-fetch before any repair"
units,marketdata_marketcandle[1d_adj],کاما,1397-09-30,18.2,,suspect,"factor 0.00212592 vs local median 0.0212731 (exactly 0.1x); adj=18.2 vs its own local median 187 => adj is 10x LOW; corrected value would be 182; only 1 symbol(s) that day -- uncorroborated, needs a provider re-fetch before any repair"
units,marketdata_marketcandle[1d_adj],کاما,1397-10-06,18.9,,suspect,"factor 0.00212575 vs local median 0.0212731 (exactly 0.1x); adj=18.9 vs its own local median 189 => adj is 10x LOW; corrected value would be 189; only 1 symbol(s) that day -- uncorroborated, needs a provider re-fetch before any repair"
units,marketdata_marketcandle[1d_adj],کاما,1397-10-07,18.9,,suspect,"factor 0.00212575 vs local median 0.0212778 (exactly 0.1x); adj=18.9 vs its own local median 189 => adj is 10x LOW; corrected value would be 189; only 1 symbol(s) that day -- uncorroborated, needs a provider re-fetch before any repair"
units,marketdata_marketcandle[1d_adj],کاما,1397-11-04,19.2,,suspect,"factor 0.00213191 vs local median 0.0212789 (exactly 0.1x); adj=19.2 vs its own local median 187.5 => adj is 10x LOW; corrected value would be 192; only 1 symbol(s) that day -- uncorroborated, needs a provider re-fetch before any repair"
units,marketdata_marketcandle[1d_adj],کاما,1397-11-05,19.2,,suspect,"factor 0.00213191 vs local median 0.0212789 (exactly 0.1x); adj=19.2 vs its own local median 188 => adj is 10x LOW; corrected value would be 192; only 1 symbol(s) that day -- uncorroborated, needs a provider re-fetch before any repair"
units,marketdata_marketcandle[1d_adj],کاما,1397-11-18,19.6,,suspect,"factor 0.00213391 vs local median 0.0212789 (exactly 0.1x); adj=19.6 vs its own local median 189 => adj is 10x LOW; corrected value would be 196; only 1 symbol(s) that day -- uncorroborated, needs a provider re-fetch before any repair"
units,marketdata_marketcandle[1d_adj],کاما,1397-11-19,19.6,,suspect,"factor 0.00213391 vs local median 0.0212789 (exactly 0.1x); adj=19.6 vs its own local median 189.5 => adj is 10x LOW; corrected value would be 196; only 1 symbol(s) that day -- uncorroborated, needs a provider re-fetch before any repair"
units,marketdata_marketcandle[1d_adj],کاما,1397-11-20,19.6,,suspect,"factor 0.00213391 vs local median 0.0212809 (exactly 0.1x); adj=19.6 vs its own local median 190.5 => adj is 10x LOW; corrected value would be 196; only 1 symbol(s) that day -- uncorroborated, needs a provider re-fetch before any repair"
units,marketdata_marketcandle[1d_adj],کاما,1397-12-02,20.6,,suspect,"factor 0.00213295 vs local median 0.0212878 (exactly 0.1x); adj=20.6 vs its own local median 193.5 => adj is 10x LOW; corrected value would be 206; only 1 symbol(s) that day -- uncorroborated, needs a provider re-fetch before any repair"
units,marketdata_marketcandle[1d_adj],کاما,1397-12-03,20.6,,suspect,"factor 0.00213295 vs local median 0.0212878 (exactly 0.1x); adj=20.6 vs its own local median 195 => adj is 10x LOW; corrected value would be 206; only 1 symbol(s) that day -- uncorroborated, needs a provider re-fetch before any repair"
units,marketdata_marketcandle[1d_adj],کاما,1397-12-09,21.1,,suspect,"factor 0.00212981 vs local median 0.0212829 (exactly 0.1x); adj=21.1 vs its own local median 202 => adj is 10x LOW; corrected value would be 211; only 1 symbol(s) that day -- uncorroborated, needs a provider re-fetch before any repair"
units,marketdata_marketcandle[1d_adj],کاما,1397-12-10,21.1,,suspect,"factor 0.00212981 vs local median 0.0212829 (exactly 0.1x); adj=21.1 vs its own local median 200.5 => adj is 10x LOW; corrected value would be 211; only 1 symbol(s) that day -- uncorroborated, needs a provider re-fetch before any repair"
units,marketdata_marketcandle[1d_adj],کاما,1397-12-23,23.3,,suspect,"factor 0.00212766 vs local median 0.0212963 (exactly 0.1x); adj=23.3 vs its own local median 213 => adj is 10x LOW; corrected value would be 233; only 1 symbol(s) that day -- uncorroborated, needs a provider re-fetch before any repair"
units,marketdata_marketcandle[1d_adj],کاما,1397-12-24,23.3,,suspect,"factor 0.00212766 vs local median 0.0212935 (exactly 0.1x); adj=23.3 vs its own local median 213 => adj is 10x LOW; corrected value would be 233; only 1 symbol(s) that day -- uncorroborated, needs a provider re-fetch before any repair"
units,marketdata_marketcandle[1d_adj],کاما,1397-12-29,25.7,,suspect,"factor 0.00212696 vs local median 0.0212963 (exactly 0.1x); adj=25.7 vs its own local median 223.5 => adj is 10x LOW; corrected value would be 257; only 1 symbol(s) that day -- uncorroborated, needs a provider re-fetch before any repair"
units,marketdata_marketcandle[1d_adj],کاما,1398-01-01,25.7,,suspect,"factor 0.00212696 vs local median 0.0212935 (exactly 0.1x); adj=25.7 vs its own local median 230.5 => adj is 10x LOW; corrected value would be 257; only 1 symbol(s) that day -- uncorroborated, needs a provider re-fetch before any repair"
units,marketdata_marketcandle[1d_adj],کاما,1398-01-02,25.7,,suspect,"factor 0.00212696 vs local median 0.0212922 (exactly 0.1x); adj=25.7 vs its own local median 236 => adj is 10x LOW; corrected value would be 257; only 1 symbol(s) that day -- uncorroborated, needs a provider re-fetch before any repair"
units,marketdata_marketcandle[1d_adj],کاما,1398-01-03,25.7,,suspect,"factor 0.00212696 vs local median 0.0212922 (exactly 0.1x); adj=25.7 vs its own local median 240.5 => adj is 10x LOW; corrected value would be 257; only 1 symbol(s) that day -- uncorroborated, needs a provider re-fetch before any repair"
units,marketdata_marketcandle[1d_adj],کاما,1398-01-04,25.7,,suspect,"factor 0.00212696 vs local median 0.0212922 (exactly 0.1x); adj=25.7 vs its own local median 244.5 => adj is 10x LOW; corrected value would be 257; only 1 symbol(s) that day -- uncorroborated, needs a provider re-fetch before any repair"
units,marketdata_marketcandle[1d_adj],کاما,1398-01-22,28.2,,suspect,"factor 0.00213007 vs local median 0.0212884 (exactly 0.1x); adj=28.2 vs its own local median 269.5 => adj is 10x LOW; corrected value would be 282; only 1 symbol(s) that day -- uncorroborated, needs a provider re-fetch before any repair"
units,marketdata_marketcandle[1d_adj],کاما,1398-01-23,28.2,,suspect,"factor 0.00213007 vs local median 0.0212884 (exactly 0.1x); adj=28.2 vs its own local median 269.5 => adj is 10x LOW; corrected value would be 282; only 1 symbol(s) that day -- uncorroborated, needs a provider re-fetch before any repair"
units,marketdata_marketcandle[1d_adj],کاما,1398-02-19,26.6,,suspect,"factor 0.00212851 vs local median 0.0212935 (exactly 0.1x); adj=26.6 vs its own local median 278 => adj is 10x LOW; corrected value would be 266; only 1 symbol(s) that day -- uncorroborated, needs a provider re-fetch before any repair"
units,marketdata_marketcandle[1d_adj],کاما,1398-02-20,26.6,,suspect,"factor 0.00212851 vs local median 0.0212947 (exactly 0.1x); adj=26.6 vs its own local median 279 => adj is 10x LOW; corrected value would be 266; only 1 symbol(s) that day -- uncorroborated, needs a provider re-fetch before any repair"
units,marketdata_marketcandle[1d_adj],کاما,1398-02-26,27.9,,suspect,"factor 0.00212831 vs local median 0.0212921 (exactly 0.1x); adj=27.9 vs its own local median 274 => adj is 10x LOW; corrected value would be 279; only 1 symbol(s) that day -- uncorroborated, needs a provider re-fetch before any repair"
units,marketdata_marketcandle[1d_adj],کاما,1398-02-27,27.9,,suspect,"factor 0.00212831 vs local median 0.021291 (exactly 0.1x); adj=27.9 vs its own local median 274 => adj is 10x LOW; corrected value would be 279; only 1 symbol(s) that day -- uncorroborated, needs a provider re-fetch before any repair"
units,marketdata_marketcandle[1d_adj],کاما,1398-03-06,31.6,,suspect,"factor 0.00212709 vs local median 0.021291 (exactly 0.1x); adj=31.6 vs its own local median 266 => adj is 10x LOW; corrected value would be 316; only 1 symbol(s) that day -- uncorroborated, needs a provider re-fetch before any repair"
units,marketdata_marketcandle[1d_adj],کاما,1398-03-14,30.9,,suspect,"factor 0.00213089 vs local median 0.0213029 (exactly 0.1x); adj=30.9 vs its own local median 294.5 => adj is 10x LOW; corrected value would be 309; only 1 symbol(s) that day -- uncorroborated, needs a provider re-fetch before any repair"
units,marketdata_marketcandle[1d_adj],کاما,1398-03-15,30.9,,suspect,"factor 0.00213089 vs local median 0.0213047 (exactly 0.1x); adj=30.9 vs its own local median 295.5 => adj is 10x LOW; corrected value would be 309; only 1 symbol(s) that day -- uncorroborated, needs a provider re-fetch before any repair"
units,marketdata_marketcandle[1d_adj],کاما,1398-03-16,30.9,,suspect,"factor 0.00213089 vs local median 0.0213047 (exactly 0.1x); adj=30.9 vs its own local median 296 => adj is 10x LOW; corrected value would be 309; only 1 symbol(s) that day -- uncorroborated, needs a provider re-fetch before any repair"
units,marketdata_marketcandle[1d_adj],کاما,1398-03-17,30.9,,suspect,"factor 0.00213089 vs local median 0.021305 (exactly 0.1x); adj=30.9 vs its own local median 297.5 => adj is 10x LOW; corrected value would be 309; only 1 symbol(s) that day -- uncorroborated, needs a provider re-fetch before any repair"
units,marketdata_marketcandle[1d_adj],کاما,1398-03-19,32.3,,suspect,"factor 0.00213314 vs local median 0.0213106 (exactly 0.1x); adj=32.3 vs its own local median 302 => adj is 10x LOW; corrected value would be 323; only 1 symbol(s) that day -- uncorroborated, needs a provider re-fetch before any repair"
units,marketdata_marketcandle[1d_adj],کاما,1398-03-20,32.3,,suspect,"factor 0.00213314 vs local median 0.0213171 (exactly 0.1x); adj=32.3 vs its own local median 305 => adj is 10x LOW; corrected value would be 323; only 1 symbol(s) that day -- uncorroborated, needs a provider re-fetch before any repair"
units,marketdata_marketcandle[1d_adj],کاما,1398-03-21,32.3,,suspect,"factor 0.00213314 vs local median 0.0213253 (exactly 0.1x); adj=32.3 vs its own local median 305 => adj is 10x LOW; corrected value would be 323; only 1 symbol(s) that day -- uncorroborated, needs a provider re-fetch before any repair"
units,marketdata_marketcandle[1d_adj],کاما,1398-03-22,32.3,,suspect,"factor 0.00213314 vs local median 0.0213287 (exactly 0.1x); adj=32.3 vs its own local median 305 => adj is 10x LOW; corrected value would be 323; only 1 symbol(s) that day -- uncorroborated, needs a provider re-fetch before any repair"
units,marketdata_marketcandle[1d_adj],کاما,1398-03-23,32.3,,suspect,"factor 0.00213314 vs local median 0.02133 (exactly 0.1x); adj=32.3 vs its own local median 307 => adj is 10x LOW; corrected value would be 323; only 1 symbol(s) that day -- uncorroborated, needs a provider re-fetch before any repair"
units,marketdata_marketcandle[1d_adj],کاما,1398-03-24,32.3,,suspect,"factor 0.00213314 vs local median 0.02133 (exactly 0.1x); adj=32.3 vs its own local median 307 => adj is 10x LOW; corrected value would be 323; only 1 symbol(s) that day -- uncorroborated, needs a provider re-fetch before any repair"
units,marketdata_marketcandle[1d_adj],کاما,1398-04-20,35.6,,suspect,"factor 0.00216703 vs local median 0.0216527 (exactly 0.1x); adj=35.6 vs its own local median 325 => adj is 10x LOW; corrected value would be 356; only 1 symbol(s) that day -- uncorroborated, needs a provider re-fetch before any repair"
units,marketdata_marketcandle[1d_adj],کاما,1398-04-21,35.6,,suspect,"factor 0.00216703 vs local median 0.0216527 (exactly 0.1x); adj=35.6 vs its own local median 325 => adj is 10x LOW; corrected value would be 356; only 1 symbol(s) that day -- uncorroborated, needs a provider re-fetch before any repair"
units,marketdata_marketcandle[1d_adj],کاما,1398-04-27,34.0,,suspect,"factor 0.00216837 vs local median 0.021648 (exactly 0.1x); adj=34 vs its own local median 325 => adj is 10x LOW; corrected value would be 340; only 1 symbol(s) that day -- uncorroborated, needs a provider re-fetch before any repair"
units,marketdata_marketcandle[1d_adj],کاما,1398-04-28,34.0,,suspect,"factor 0.00216837 vs local median 0.0216453 (exactly 0.1x); adj=34 vs its own local median 325 => adj is 10x LOW; corrected value would be 340; only 1 symbol(s) that day -- uncorroborated, needs a provider re-fetch before any repair"
units,marketdata_marketcandle[1d_adj],کاما,1398-05-03,34.0,,suspect,"factor 0.00216837 vs local median 0.0216447 (exactly 0.1x); adj=34 vs its own local median 321 => adj is 10x LOW; corrected value would be 340; only 1 symbol(s) that day -- uncorroborated, needs a provider re-fetch before any repair"
units,marketdata_marketcandle[1d_adj],کاما,1398-05-04,34.0,,suspect,"factor 0.00216837 vs local median 0.0216447 (exactly 0.1x); adj=34 vs its own local median 320 => adj is 10x LOW; corrected value would be 340; only 1 symbol(s) that day -- uncorroborated, needs a provider re-fetch before any repair"
units,marketdata_marketcandle[1d_adj],کاما,1398-05-10,32.1,,suspect,"factor 0.00216877 vs local median 0.0216431 (exactly 0.1x); adj=32.1 vs its own local median 315 => adj is 10x LOW; corrected value would be 321; only 1 symbol(s) that day -- uncorroborated, needs a provider re-fetch before any repair"
units,marketdata_marketcandle[1d_adj],کاما,1398-05-11,32.1,,suspect,"factor 0.00216877 vs local median 0.0216441 (exactly 0.1x); adj=32.1 vs its own local median 315 => adj is 10x LOW; corrected value would be 321; only 1 symbol(s) that day -- uncorroborated, needs a provider re-fetch before any repair"
units,marketdata_marketcandle[1d_adj],کاما,1398-05-24,31.4,,suspect,"factor 0.00216477 vs local median 0.0216446 (exactly 0.1x); adj=31.4 vs its own local median 314 => adj is 10x LOW; corrected value would be 314; only 1 symbol(s) that day -- uncorroborated, needs a provider re-fetch before any repair"
units,marketdata_marketcandle[1d_adj],کاما,1398-05-25,31.4,,suspect,"factor 0.00216477 vs local median 0.0216446 (exactly 0.1x); adj=31.4 vs its own local median 314 => adj is 10x LOW; corrected value would be 314; only 1 symbol(s) that day -- uncorroborated, needs a provider re-fetch before any repair"
units,marketdata_marketcandle[1d_adj],کاما,1398-05-29,31.3,,suspect,"factor 0.00216744 vs local median 0.0216446 (exactly 0.1x); adj=31.3 vs its own local median 314 => adj is 10x LOW; corrected value would be 313; only 1 symbol(s) that day -- uncorroborated, needs a provider re-fetch before any repair"
units,marketdata_marketcandle[1d_adj],کاما,1398-05-31,31.8,,suspect,"factor 0.00216341 vs local median 0.0216452 (exactly 0.1x); adj=31.8 vs its own local median 314 => adj is 10x LOW; corrected value would be 318; only 1 symbol(s) that day -- uncorroborated, needs a provider re-fetch before any repair"
units,marketdata_marketcandle[1d_adj],کاما,1398-06-01,31.8,,suspect,"factor 0.00216341 vs local median 0.0216452 (exactly 0.1x); adj=31.8 vs its own local median 314 => adj is 10x LOW; corrected value would be 318; only 1 symbol(s) that day -- uncorroborated, needs a provider re-fetch before any repair"
units,marketdata_marketcandle[1d_adj],کاما,1398-06-14,33.2,,suspect,"factor 0.00216301 vs local median 0.0216538 (exactly 0.1x); adj=33.2 vs its own local median 331 => adj is 10x LOW; corrected value would be 332; only 1 symbol(s) that day -- uncorroborated, needs a provider re-fetch before any repair"
units,marketdata_marketcandle[1d_adj],کاما,1398-06-15,33.2,,suspect,"factor 0.00216301 vs local median 0.0216548 (exactly 0.1x); adj=33.2 vs its own local median 332 => adj is 10x LOW; corrected value would be 332; only 1 symbol(s) that day -- uncorroborated, needs a provider re-fetch before any repair"
units,marketdata_marketcandle[1d_adj],کاما,1398-06-21,35.3,,suspect,"factor 0.00216365 vs local median 0.0216589 (exactly 0.1x); adj=35.3 vs its own local median 338 => adj is 10x LOW; corrected value would be 353; only 1 symbol(s) that day -- uncorroborated, needs a provider re-fetch before any repair"
units,marketdata_marketcandle[1d_adj],کاما,1398-06-22,35.3,,suspect,"factor 0.00216365 vs local median 0.0216566 (exactly 0.1x); adj=35.3 vs its own local median 338 => adj is 10x LOW; corrected value would be 353; only 1 symbol(s) that day -- uncorroborated, needs a provider re-fetch before any repair"
units,marketdata_marketcandle[1d_adj],کاما,1398-07-25,32.9,,suspect,"factor 0.00216462 vs local median 0.021646 (exactly 0.1x); adj=32.9 vs its own local median 330 => adj is 10x LOW; corrected value would be 329; only 1 symbol(s) that day -- uncorroborated, needs a provider re-fetch before any repair"
units,marketdata_marketcandle[1d_adj],کاما,1398-07-26,32.9,,suspect,"factor 0.00216462 vs local median 0.021646 (exactly 0.1x); adj=32.9 vs its own local median 328 => adj is 10x LOW; corrected value would be 329; only 1 symbol(s) that day -- uncorroborated, needs a provider re-fetch before any repair"
units,marketdata_marketcandle[1d_adj],کاما,1398-07-27,32.9,,suspect,"factor 0.00216462 vs local median 0.021646 (exactly 0.1x); adj=32.9 vs its own local median 326 => adj is 10x LOW; corrected value would be 329; only 1 symbol(s) that day -- uncorroborated, needs a provider re-fetch before any repair"
units,marketdata_marketcandle[1d_adj],کاما,1398-08-02,30.1,,suspect,"factor 0.00216469 vs local median 0.0216454 (exactly 0.1x); adj=30.1 vs its own local median 322.5 => adj is 10x LOW; corrected value would be 301; only 1 symbol(s) that day -- uncorroborated, needs a provider re-fetch before any repair"
units,marketdata_marketcandle[1d_adj],کاما,1398-08-03,30.1,,suspect,"factor 0.00216469 vs local median 0.0216454 (exactly 0.1x); adj=30.1 vs its own local median 321.5 => adj is 10x LOW; corrected value would be 301; only 1 symbol(s) that day -- uncorroborated, needs a provider re-fetch before any repair"
units,marketdata_marketcandle[1d_adj],کاما,1398-08-05,30.5,,suspect,"factor 0.00216327 vs local median 0.0216454 (exactly 0.1x); adj=30.5 vs its own local median 316 => adj is 10x LOW; corrected value would be 305; only 1 symbol(s) that day -- uncorroborated, needs a provider re-fetch before any repair"
units,marketdata_marketcandle[1d_adj],کاما,1398-08-07,31.9,,suspect,"factor 0.002168 vs local median 0.0216454 (exactly 0.1x); adj=31.9 vs its own local median 312 => adj is 10x LOW; corrected value would be 319; only 1 symbol(s) that day -- uncorroborated, needs a provider re-fetch before any repair"
units,marketdata_marketcandle[1d_adj],کاما,1398-08-09,32.5,,suspect,"factor 0.0021671 vs local median 0.0216441 (exactly 0.1x); adj=32.5 vs its own local median 311 => adj is 10x LOW; corrected value would be 325; only 1 symbol(s) that day -- uncorroborated, needs a provider re-fetch before any repair"
units,marketdata_marketcandle[1d_adj],کاما,1398-08-10,32.5,,suspect,"factor 0.0021671 vs local median 0.0216454 (exactly 0.1x); adj=32.5 vs its own local median 311 => adj is 10x LOW; corrected value would be 325; only 1 symbol(s) that day -- uncorroborated, needs a provider re-fetch before any repair"
units,marketdata_marketcandle[1d_adj],کاما,1398-08-23,32.1,,suspect,"factor 0.00216672 vs local median 0.0216474 (exactly 0.1x); adj=32.1 vs its own local median 318 => adj is 10x LOW; corrected value would be 321; only 1 symbol(s) that day -- uncorroborated, needs a provider re-fetch before any repair"
units,marketdata_marketcandle[1d_adj],کاما,1398-08-24,32.1,,suspect,"factor 0.00216672 vs local median 0.0216462 (exactly 0.1x); adj=32.1 vs its own local median 318 => adj is 10x LOW; corrected value would be 321; only 1 symbol(s) that day -- uncorroborated, needs a provider re-fetch before any repair"
units,marketdata_marketcandle[1d_adj],کاما,1398-08-30,32.3,,suspect,"factor 0.00216502 vs local median 0.0216491 (exactly 0.1x); adj=32.3 vs its own local median 323.5 => adj is 10x LOW; corrected value would be 323; only 1 symbol(s) that day -- uncorroborated, needs a provider re-fetch before any repair"
units,marketdata_marketcandle[1d_adj],کاما,1398-09-01,32.3,,suspect,"factor 0.00216502 vs local median 0.0216509 (exactly 0.1x); adj=32.3 vs its own local median 324 => adj is 10x LOW; corrected value would be 323; only 1 symbol(s) that day -- uncorroborated, needs a provider re-fetch before any repair"
units,marketdata_marketcandle[1d_adj],کاما,1398-09-07,35.6,,suspect,"factor 0.00216479 vs local median 0.0216549 (exactly 0.1x); adj=35.6 vs its own local median 336 => adj is 10x LOW; corrected value would be 356; only 1 symbol(s) that day -- uncorroborated, needs a provider re-fetch before any repair"
units,marketdata_marketcandle[1d_adj],کاما,1398-09-08,35.6,,suspect,"factor 0.00216479 vs local median 0.0216549 (exactly 0.1x); adj=35.6 vs its own local median 342.5 => adj is 10x LOW; corrected value would be 356; only 1 symbol(s) that day -- uncorroborated, needs a provider re-fetch before any repair"
units,marketdata_marketcandle[1d_adj],کاما,1398-09-14,35.6,,suspect,"factor 0.00216664 vs local median 0.0216509 (exactly 0.1x); adj=35.6 vs its own local median 355.5 => adj is 10x LOW; corrected value would be 356; only 1 symbol(s) that day -- uncorroborated, needs a provider re-fetch before any repair"
units,marketdata_marketcandle[1d_adj],کاما,1398-09-15,35.6,,suspect,"factor 0.00216664 vs local median 0.0216529 (exactly 0.1x); adj=35.6 vs its own local median 356 => adj is 10x LOW; corrected value would be 356; only 1 symbol(s) that day -- uncorroborated, needs a provider re-fetch before any repair"
units,marketdata_marketcandle[1d_adj],کاما,1398-10-05,42.4,,suspect,"factor 0.00216758 vs local median 0.0216493 (exactly 0.1x); adj=42.4 vs its own local median 399.5 => adj is 10x LOW; corrected value would be 424; only 1 symbol(s) that day -- uncorroborated, needs a provider re-fetch before any repair"
units,marketdata_marketcandle[1d_adj],کاما,1398-10-06,42.4,,suspect,"factor 0.00216758 vs local median 0.0216493 (exactly 0.1x); adj=42.4 vs its own local median 399.5 => adj is 10x LOW; corrected value would be 424; only 1 symbol(s) that day -- uncorroborated, needs a provider re-fetch before any repair"
units,marketdata_marketcandle[1d_adj],کاما,1398-10-12,44.1,,suspect,"factor 0.00216761 vs local median 0.0216519 (exactly 0.1x); adj=44.1 vs its own local median 405 => adj is 10x LOW; corrected value would be 441; only 1 symbol(s) that day -- uncorroborated, needs a provider re-fetch before any repair"
units,marketdata_marketcandle[1d_adj],کاما,1398-10-13,44.1,,suspect,"factor 0.00216761 vs local median 0.0216519 (exactly 0.1x); adj=44.1 vs its own local median 405 => adj is 10x LOW; corrected value would be 441; only 1 symbol(s) that day -- uncorroborated, needs a provider re-fetch before any repair"
units,marketdata_marketcandle[1d_adj],کاما,1398-10-19,37.9,,suspect,"factor 0.00216708 vs local median 0.0216485 (exactly 0.1x); adj=37.9 vs its own local median 405.5 => adj is 10x LOW; corrected value would be 379; only 1 symbol(s) that day -- uncorroborated, needs a provider re-fetch before any repair"
units,marketdata_marketcandle[1d_adj],کاما,1398-10-20,37.9,,suspect,"factor 0.00216708 vs local median 0.0216482 (exactly 0.1x); adj=37.9 vs its own local median 403.5 => adj is 10x LOW; corrected value would be 379; only 1 symbol(s) that day -- uncorroborated, needs a provider re-fetch before any repair"
units,marketdata_marketcandle[1d_adj],کاما,1398-10-26,45.5,,suspect,"factor 0.00216491 vs local median 0.0216459 (exactly 0.1x); adj=45.5 vs its own local median 435 => adj is 10x LOW; corrected value would be 455; only 1 symbol(s) that day -- uncorroborated, needs a provider re-fetch before any repair"
units,marketdata_marketcandle[1d_adj],کاما,1398-10-27,45.5,,suspect,"factor 0.00216491 vs local median 0.0216482 (exactly 0.1x); adj=45.5 vs its own local median 435 => adj is 10x LOW; corrected value would be 455; only 1 symbol(s) that day -- uncorroborated, needs a provider re-fetch before any repair"
units,marketdata_marketcandle[1d_adj],کاما,1398-11-03,56.2,,suspect,"factor 0.00216595 vs local median 0.0216493 (exactly 0.1x); adj=56.2 vs its own local median 445 => adj is 10x LOW; corrected value would be 562; only 1 symbol(s) that day -- uncorroborated, needs a provider re-fetch before any repair"
units,marketdata_marketcandle[1d_adj],کاما,1398-11-04,56.2,,suspect,"factor 0.00216595 vs local median 0.0216495 (exactly 0.1x); adj=56.2 vs its own local median 464 => adj is 10x LOW; corrected value would be 562; only 1 symbol(s) that day -- uncorroborated, needs a provider re-fetch before any repair"
units,marketdata_marketcandle[1d_adj],کاما,1398-11-09,58.9,,suspect,"factor 0.00216496 vs local median 0.0216494 (exactly 0.1x); adj=58.9 vs its own local median 506 => adj is 10x LOW; corrected value would be 589; only 1 symbol(s) that day -- uncorroborated, needs a provider re-fetch before any repair"
units,marketdata_marketcandle[1d_adj],کاما,1398-11-10,58.9,,suspect,"factor 0.00216496 vs local median 0.0216494 (exactly 0.1x); adj=58.9 vs its own local median 518 => adj is 10x LOW; corrected value would be 589; only 1 symbol(s) that day -- uncorroborated, needs a provider re-fetch before any repair"
units,marketdata_marketcandle[1d_adj],کاما,1398-11-11,58.9,,suspect,"factor 0.00216496 vs local median 0.0216504 (exactly 0.1x); adj=58.9 vs its own local median 521.5 => adj is 10x LOW; corrected value would be 589; only 1 symbol(s) that day -- uncorroborated, needs a provider re-fetch before any repair"
units,marketdata_marketcandle[1d_adj],کاما,1398-11-24,57.4,,suspect,"factor 0.00216628 vs local median 0.021651 (exactly 0.1x); adj=57.4 vs its own local median 554.5 => adj is 10x LOW; corrected value would be 574; only 1 symbol(s) that day -- uncorroborated, needs a provider re-fetch before any repair"
units,marketdata_marketcandle[1d_adj],کاما,1398-11-25,57.4,,suspect,"factor 0.00216628 vs local median 0.0216503 (exactly 0.1x); adj=57.4 vs its own local median 560 => adj is 10x LOW; corrected value would be 574; only 1 symbol(s) that day -- uncorroborated, needs a provider re-fetch before any repair"
units,marketdata_marketcandle[1d_adj],کاما,1398-12-01,61.2,,suspect,"factor 0.00216453 vs local median 0.0216517 (exactly 0.1x); adj=61.2 vs its own local median 579.5 => adj is 10x LOW; corrected value would be 612; only 1 symbol(s) that day -- uncorroborated, needs a provider re-fetch before any repair"
units,marketdata_marketcandle[1d_adj],کاما,1398-12-02,61.2,,suspect,"factor 0.00216453 vs local median 0.0216517 (exactly 0.1x); adj=61.2 vs its own local median 579.5 => adj is 10x LOW; corrected value would be 612; only 1 symbol(s) that day -- uncorroborated, needs a provider re-fetch before any repair"
units,marketdata_marketcandle[1d_adj],کاما,1398-12-08,65.1,,suspect,"factor 0.00216509 vs local median 0.0216504 (exactly 0.1x); adj=65.1 vs its own local median 579.5 => adj is 10x LOW; corrected value would be 651; only 1 symbol(s) that day -- uncorroborated, needs a provider re-fetch before any repair"
units,marketdata_marketcandle[1d_adj],کاما,1398-12-09,65.1,,suspect,"factor 0.00216509 vs local median 0.0216504 (exactly 0.1x); adj=65.1 vs its own local median 583.5 => adj is 10x LOW; corrected value would be 651; only 1 symbol(s) that day -- uncorroborated, needs a provider re-fetch before any repair"
units,marketdata_marketcandle[1d_adj],کاما,1398-12-11,62.3,,suspect,"factor 0.0021656 vs local median 0.0216497 (exactly 0.1x); adj=62.3 vs its own local median 583.5 => adj is 10x LOW; corrected value would be 623; only 1 symbol(s) that day -- uncorroborated, needs a provider re-fetch before any repair"
units,marketdata_marketcandle[1d_adj],کاما,1398-12-13,64.3,,suspect,"factor 0.00216462 vs local median 0.0216484 (exactly 0.1x); adj=64.3 vs its own local median 594 => adj is 10x LOW; corrected value would be 643; only 1 symbol(s) that day -- uncorroborated, needs a provider re-fetch before any repair"
units,marketdata_marketcandle[1d_adj],کاما,1398-12-29,61.7,,suspect,"factor 0.00216499 vs local median 0.0216484 (exactly 0.1x); adj=61.7 vs its own local median 601 => adj is 10x LOW; corrected value would be 617; only 1 symbol(s) that day -- uncorroborated, needs a provider re-fetch before any repair"
units,marketdata_marketcandle[1d_adj],کاما,1399-01-01,61.7,,suspect,"factor 0.00216499 vs local median 0.0216484 (exactly 0.1x); adj=61.7 vs its own local median 601 => adj is 10x LOW; corrected value would be 617; only 1 symbol(s) that day -- uncorroborated, needs a provider re-fetch before any repair"
units,marketdata_marketcandle[1d_adj],کاما,1399-01-02,61.7,,suspect,"factor 0.00216499 vs local median 0.0216484 (exactly 0.1x); adj=61.7 vs its own local median 601 => adj is 10x LOW; corrected value would be 617; only 1 symbol(s) that day -- uncorroborated, needs a provider re-fetch before any repair"
units,marketdata_marketcandle[1d_adj],کاما,1399-01-03,61.7,,suspect,"factor 0.00216499 vs local median 0.0216484 (exactly 0.1x); adj=61.7 vs its own local median 601 => adj is 10x LOW; corrected value would be 617; only 1 symbol(s) that day -- uncorroborated, needs a provider re-fetch before any repair"
units,marketdata_marketcandle[1d_adj],کاما,1399-01-04,61.7,,suspect,"factor 0.00216499 vs local median 0.0216484 (exactly 0.1x); adj=61.7 vs its own local median 601 => adj is 10x LOW; corrected value would be 617; only 1 symbol(s) that day -- uncorroborated, needs a provider re-fetch before any repair"
units,marketdata_marketcandle[1d_adj],کاما,1399-01-07,58.7,,suspect,"factor 0.00216621 vs local median 0.0216494 (exactly 0.1x); adj=58.7 vs its own local median 612.5 => adj is 10x LOW; corrected value would be 587; only 1 symbol(s) that day -- uncorroborated, needs a provider re-fetch before any repair"
units,marketdata_marketcandle[1d_adj],کاما,1399-01-08,58.7,,suspect,"factor 0.00216621 vs local median 0.0216494 (exactly 0.1x); adj=58.7 vs its own local median 612.5 => adj is 10x LOW; corrected value would be 587; only 1 symbol(s) that day -- uncorroborated, needs a provider re-fetch before any repair"
units,marketdata_marketcandle[1d_adj],کاما,1399-01-12,65.5,,suspect,"factor 0.00216465 vs local median 0.0216495 (exactly 0.1x); adj=65.5 vs its own local median 616.5 => adj is 10x LOW; corrected value would be 655; only 1 symbol(s) that day -- uncorroborated, needs a provider re-fetch before any repair"
units,marketdata_marketcandle[1d_adj],کاما,1399-01-13,65.5,,suspect,"factor 0.00216465 vs local median 0.0216494 (exactly 0.1x); adj=65.5 vs its own local median 612.5 => adj is 10x LOW; corrected value would be 655; only 1 symbol(s) that day -- uncorroborated, needs a provider re-fetch before any repair"
units,marketdata_marketcandle[1d_adj],کاما,1399-01-14,65.5,,suspect,"factor 0.00216465 vs local median 0.0216494 (exactly 0.1x); adj=65.5 vs its own local median 616.5 => adj is 10x LOW; corrected value would be 655; only 1 symbol(s) that day -- uncorroborated, needs a provider re-fetch before any repair"
units,marketdata_marketcandle[1d_adj],کاما,1399-01-15,65.5,,suspect,"factor 0.00216465 vs local median 0.0216494 (exactly 0.1x); adj=65.5 vs its own local median 616.5 => adj is 10x LOW; corrected value would be 655; only 1 symbol(s) that day -- uncorroborated, needs a provider re-fetch before any repair"
units,marketdata_marketcandle[1d_adj],کاما,1399-02-04,96.2,,suspect,"factor 0.00216637 vs local median 0.0216542 (exactly 0.1x); adj=96.2 vs its own local median 817 => adj is 10x LOW; corrected value would be 962; only 1 symbol(s) that day -- uncorroborated, needs a provider re-fetch before any repair"
units,marketdata_marketcandle[1d_adj],کاما,1399-02-05,96.2,,suspect,"factor 0.00216637 vs local median 0.0216546 (exactly 0.1x); adj=96.2 vs its own local median 830 => adj is 10x LOW; corrected value would be 962; only 1 symbol(s) that day -- uncorroborated, needs a provider re-fetch before any repair"
units,marketdata_marketcandle[1d_adj],کاما,1399-02-11,104.5,,suspect,"factor 0.0021654 vs local median 0.0216553 (exactly 0.1x); adj=104.5 vs its own local median 946.5 => adj is 10x LOW; corrected value would be 1045; only 1 symbol(s) that day -- uncorroborated, needs a provider re-fetch before any repair"
units,marketdata_marketcandle[1d_adj],کاما,1399-02-12,104.5,,suspect,"factor 0.0021654 vs local median 0.0216553 (exactly 0.1x); adj=104.5 vs its own local median 979 => adj is 10x LOW; corrected value would be 1045; only 1 symbol(s) that day -- uncorroborated, needs a provider re-fetch before any repair"
units,marketdata_marketcandle[1d_adj],کاما,1399-02-25,128.5,,suspect,"factor 0.00216527 vs local median 0.0216524 (exactly 0.1x); adj=128.5 vs its own local median 1215 => adj is 10x LOW; corrected value would be 1285; only 1 symbol(s) that day -- uncorroborated, needs a provider re-fetch before any repair"
units,marketdata_marketcandle[1d_adj],کاما,1399-02-26,128.5,,suspect,"factor 0.00216527 vs local median 0.0216517 (exactly 0.1x); adj=128.5 vs its own local median 1245 => adj is 10x LOW; corrected value would be 1285; only 1 symbol(s) that day -- uncorroborated, needs a provider re-fetch before any repair"
units,marketdata_marketcandle[1d_adj],کاما,1399-03-01,147.3,,suspect,"factor 0.00216548 vs local median 0.0215161 (exactly 0.1x); adj=147.3 vs its own local median 1283.5 => adj is 10x LOW; corrected value would be 1473; only 1 symbol(s) that day -- uncorroborated, needs a provider re-fetch before any repair"
units,marketdata_marketcandle[1d_adj],کاما,1399-03-02,147.3,,suspect,"factor 0.00216548 vs local median 0.0215161 (exactly 0.1x); adj=147.3 vs its own local median 1316 => adj is 10x LOW; corrected value would be 1473; only 1 symbol(s) that day -- uncorroborated, needs a provider re-fetch before any repair"
units,marketdata_marketcandle[1d_adj],کاما,1399-03-08,166.9,,suspect,"factor 0.00215141 vs local median 0.0215152 (exactly 0.1x); adj=166.9 vs its own local median 1364 => adj is 10x LOW; corrected value would be 1669; only 1 symbol(s) that day -- uncorroborated, needs a provider re-fetch before any repair"
units,marketdata_marketcandle[1d_adj],کاما,1399-03-09,166.9,,suspect,"factor 0.00215141 vs local median 0.021515 (exactly 0.1x); adj=166.9 vs its own local median 1364 => adj is 10x LOW; corrected value would be 1669; only 1 symbol(s) that day -- uncorroborated, needs a provider re-fetch before any repair"
units,marketdata_marketcandle[1d_adj],کاما,1399-03-14,190.9,,suspect,"factor 0.00215181 vs local median 0.0215113 (exactly 0.1x); adj=190.9 vs its own local median 1283.5 => adj is 10x LOW; corrected value would be 1909; only 1 symbol(s) that day -- uncorroborated, needs a provider re-fetch before any repair"
units,marketdata_marketcandle[1d_adj],کاما,1399-03-15,190.9,,suspect,"factor 0.00215181 vs local median 0.0215113 (exactly 0.1x); adj=190.9 vs its own local median 1283.5 => adj is 10x LOW; corrected value would be 1909; only 1 symbol(s) that day -- uncorroborated, needs a provider re-fetch before any repair"
units,marketdata_marketcandle[1d_adj],کاما,1399-03-16,190.9,,suspect,"factor 0.00215181 vs local median 0.0215113 (exactly 0.1x); adj=190.9 vs its own local median 1347.5 => adj is 10x LOW; corrected value would be 1909; only 1 symbol(s) that day -- uncorroborated, needs a provider re-fetch before any repair"
units,marketdata_marketcandle[1d_adj],کاما,1399-03-22,243.6,,suspect,"factor 0.00215151 vs local median 0.0215138 (exactly 0.1x); adj=243.6 vs its own local median 1763.5 => adj is 10x LOW; corrected value would be 2436; only 1 symbol(s) that day -- uncorroborated, needs a provider re-fetch before any repair"
units,marketdata_marketcandle[1d_adj],کاما,1399-03-23,243.6,,suspect,"factor 0.00215151 vs local median 0.0215138 (exactly 0.1x); adj=243.6 vs its own local median 1796.5 => adj is 10x LOW; corrected value would be 2436; only 1 symbol(s) that day -- uncorroborated, needs a provider re-fetch before any repair"
units,marketdata_marketcandle[1d_adj],کاما,1399-03-27,282.0,,suspect,"factor 0.00215169 vs local median 0.021515 (exactly 0.1x); adj=282 vs its own local median 2156.5 => adj is 10x LOW; corrected value would be 2820; only 1 symbol(s) that day -- uncorroborated, needs a provider re-fetch before any repair"
units,marketdata_marketcandle[1d_adj],کاما,1399-03-28,282.0,,suspect,"factor 0.00215169 vs local median 0.0215152 (exactly 0.1x); adj=282 vs its own local median 2264.5 => adj is 10x LOW; corrected value would be 2820; only 1 symbol(s) that day -- uncorroborated, needs a provider re-fetch before any repair"
units,marketdata_marketcandle[1d_adj],کاما,1399-03-29,282.0,,suspect,"factor 0.00215169 vs local median 0.0215161 (exactly 0.1x); adj=282 vs its own local median 2378 => adj is 10x LOW; corrected value would be 2820; only 1 symbol(s) that day -- uncorroborated, needs a provider re-fetch before any repair"
units,marketdata_marketcandle[1d_adj],کاما,1399-03-30,282.0,,suspect,"factor 0.00215169 vs local median 0.0215168 (exactly 0.1x); adj=282 vs its own local median 2497 => adj is 10x LOW; corrected value would be 2820; only 1 symbol(s) that day -- uncorroborated, needs a provider re-fetch before any repair"
units,marketdata_marketcandle[1d_adj],کاما,1399-03-31,282.0,,suspect,"factor 0.00215169 vs local median 0.0215172 (exactly 0.1x); adj=282 vs its own local median 2621.5 => adj is 10x LOW; corrected value would be 2820; only 1 symbol(s) that day -- uncorroborated, needs a provider re-fetch before any repair"
units,marketdata_marketcandle[1d_adj],کاما,1399-04-01,282.0,,suspect,"factor 0.00215169 vs local median 0.0215178 (exactly 0.1x); adj=282 vs its own local median 2752.5 => adj is 10x LOW; corrected value would be 2820; only 1 symbol(s) that day -- uncorroborated, needs a provider re-fetch before any repair"
units,marketdata_marketcandle[1d_adj],کاما,1399-04-02,282.0,,suspect,"factor 0.00215169 vs local median 0.0215703 (exactly 0.1x); adj=282 vs its own local median 3309 => adj is 10x LOW; corrected value would be 2820; only 1 symbol(s) that day -- uncorroborated, needs a provider re-fetch before any repair"
units,marketdata_marketcandle[1d_adj],کاما,1399-08-29,406.0,,suspect,"factor 0.00216257 vs local median 0.0216263 (exactly 0.1x); adj=406 vs its own local median 3886 => adj is 10x LOW; corrected value would be 4060; only 1 symbol(s) that day -- uncorroborated, needs a provider re-fetch before any repair"
units,marketdata_marketcandle[1d_adj],کاما,1399-08-30,406.0,,suspect,"factor 0.00216257 vs local median 0.0216263 (exactly 0.1x); adj=406 vs its own local median 3854 => adj is 10x LOW; corrected value would be 4060; only 1 symbol(s) that day -- uncorroborated, needs a provider re-fetch before any repair"
units,marketdata_marketcandle[1d_adj],کاما,1399-10-18,534.0,,suspect,"factor 0.0216194 vs local median 0.216213 (exactly 0.1x); adj=534 vs its own local median 4269 => adj is 10x LOW; corrected value would be 5340; only 1 symbol(s) that day -- uncorroborated, needs a provider re-fetch before any repair"
units,marketdata_marketcandle[1d_adj],کاما,1399-10-19,534.0,,suspect,"factor 0.0216194 vs local median 0.216215 (exactly 0.1x); adj=534 vs its own local median 4269 => adj is 10x LOW; corrected value would be 5340; only 1 symbol(s) that day -- uncorroborated, needs a provider re-fetch before any repair"
units,marketdata_marketcandle[1d_adj],کاما,1400-01-09,307.0,,suspect,"factor 0.0216197 vs local median 0.216219 (exactly 0.1x); adj=307 vs its own local median 2902.5 => adj is 10x LOW; corrected value would be 3070; only 1 symbol(s) that day -- uncorroborated, needs a provider re-fetch before any repair"
units,marketdata_marketcandle[1d_adj],کاما,1400-04-24,261.0,,suspect,"factor 0.0219512 vs local median 0.219463 (exactly 0.1x); adj=261 vs its own local median 2505.5 => adj is 10x LOW; corrected value would be 2610; only 1 symbol(s) that day -- uncorroborated, needs a provider re-fetch before any repair"
units,marketdata_marketcandle[1d_adj],کاما,1400-04-25,261.0,,suspect,"factor 0.0219512 vs local median 0.219465 (exactly 0.1x); adj=261 vs its own local median 2528.5 => adj is 10x LOW; corrected value would be 2610; only 1 symbol(s) that day -- uncorroborated, needs a provider re-fetch before any repair"
units,marketdata_marketcandle[1d_adj],کاما,1400-12-29,131.0,,suspect,"factor 0.021943 vs local median 0.219456 (exactly 0.1x); adj=131 vs its own local median 1313.5 => adj is 10x LOW; corrected value would be 1310; only 1 symbol(s) that day -- uncorroborated, needs a provider re-fetch before any repair"
units,marketdata_marketcandle[1d_adj],کاما,1401-01-01,131.0,,suspect,"factor 0.021943 vs local median 0.21946 (exactly 0.1x); adj=131 vs its own local median 1320 => adj is 10x LOW; corrected value would be 1310; only 1 symbol(s) that day -- uncorroborated, needs a provider re-fetch before any repair"
units,marketdata_marketcandle[1d_adj],کاما,1401-01-02,131.0,,suspect,"factor 0.021943 vs local median 0.21946 (exactly 0.1x); adj=131 vs its own local median 1330 => adj is 10x LOW; corrected value would be 1310; only 1 symbol(s) that day -- uncorroborated, needs a provider re-fetch before any repair"
units,marketdata_marketcandle[1d_adj],کاما,1401-01-03,131.0,,suspect,"factor 0.021943 vs local median 0.219464 (exactly 0.1x); adj=131 vs its own local median 1341 => adj is 10x LOW; corrected value would be 1310; only 1 symbol(s) that day -- uncorroborated, needs a provider re-fetch before any repair"
units,marketdata_marketcandle[1d_adj],کاما,1401-01-04,131.0,,suspect,"factor 0.021943 vs local median 0.219458 (exactly 0.1x); adj=131 vs its own local median 1349.5 => adj is 10x LOW; corrected value would be 1310; only 1 symbol(s) that day -- uncorroborated, needs a provider re-fetch before any repair"
units,marketdata_marketcandle[1d_adj],کاما,1401-01-05,131.0,,suspect,"factor 0.021943 vs local median 0.219454 (exactly 0.1x); adj=131 vs its own local median 1359.5 => adj is 10x LOW; corrected value would be 1310; only 1 symbol(s) that day -- uncorroborated, needs a provider re-fetch before any repair"
units,marketdata_marketcandle[1d_adj],کاما,1401-05-16,105.9,,suspect,"factor 0.0220671 vs local median 0.220583 (exactly 0.1x); adj=105.9 vs its own local median 1072.5 => adj is 10x LOW; corrected value would be 1059; only 1 symbol(s) that day -- uncorroborated, needs a provider re-fetch before any repair"
units,marketdata_marketcandle[1d_adj],کاما,1401-05-17,105.9,,suspect,"factor 0.0220671 vs local median 0.220583 (exactly 0.1x); adj=105.9 vs its own local median 1072.5 => adj is 10x LOW; corrected value would be 1059; only 1 symbol(s) that day -- uncorroborated, needs a provider re-fetch before any repair"
units,marketdata_marketcandle[1d_adj],کاما,1401-06-03,117.2,,suspect,"factor 0.0220508 vs local median 0.220587 (exactly 0.1x); adj=117.2 vs its own local median 1065 => adj is 10x LOW; corrected value would be 1172; only 1 symbol(s) that day -- uncorroborated, needs a provider re-fetch before any repair"
units,marketdata_marketcandle[1d_adj],کاما,1401-06-04,117.2,,suspect,"factor 0.0220508 vs local median 0.220593 (exactly 0.1x); adj=117.2 vs its own local median 1065 => adj is 10x LOW; corrected value would be 1172; only 1 symbol(s) that day -- uncorroborated, needs a provider re-fetch before any repair"
units,marketdata_marketcandle[1d_adj],کاما,1401-07-03,97.4,,suspect,"factor 0.0220612 vs local median 0.220568 (exactly 0.1x); adj=97.4 vs its own local median 1010.5 => adj is 10x LOW; corrected value would be 974; only 1 symbol(s) that day -- uncorroborated, needs a provider re-fetch before any repair"
units,marketdata_marketcandle[1d_adj],کاما,1401-07-05,100.5,,suspect,"factor 0.0220637 vs local median 0.220568 (exactly 0.1x); adj=100.5 vs its own local median 974.5 => adj is 10x LOW; corrected value would be 1005; only 1 symbol(s) that day -- uncorroborated, needs a provider re-fetch before any repair"
units,marketdata_marketcandle[1d_adj],کاما,1401-07-07,101.6,,suspect,"factor 0.022063 vs local median 0.220568 (exactly 0.1x); adj=101.6 vs its own local median 967.5 => adj is 10x LOW; corrected value would be 1016; only 1 symbol(s) that day -- uncorroborated, needs a provider re-fetch before any repair"
units,marketdata_marketcandle[1d_adj],کاما,1401-07-08,101.6,,suspect,"factor 0.022063 vs local median 0.220563 (exactly 0.1x); adj=101.6 vs its own local median 963.5 => adj is 10x LOW; corrected value would be 1016; only 1 symbol(s) that day -- uncorroborated, needs a provider re-fetch before any repair"
units,marketdata_marketcandle[1d_adj],کاما,1401-07-13,95.2,,suspect,"factor 0.0220524 vs local median 0.220551 (exactly 0.1x); adj=95.2 vs its own local median 931 => adj is 10x LOW; corrected value would be 952; only 1 symbol(s) that day -- uncorroborated, needs a provider re-fetch before any repair"
units,marketdata_marketcandle[1d_adj],کاما,1401-07-14,95.2,,suspect,"factor 0.0220524 vs local median 0.220541 (exactly 0.1x); adj=95.2 vs its own local median 924 => adj is 10x LOW; corrected value would be 952; only 1 symbol(s) that day -- uncorroborated, needs a provider re-fetch before any repair"
units,marketdata_marketcandle[1d_adj],کاما,1401-07-15,95.2,,suspect,"factor 0.0220524 vs local median 0.220533 (exactly 0.1x); adj=95.2 vs its own local median 918.5 => adj is 10x LOW; corrected value would be 952; only 1 symbol(s) that day -- uncorroborated, needs a provider re-fetch before any repair"
units,marketdata_marketcandle[1d_adj],کاما,1401-07-21,96.5,,suspect,"factor 0.0220521 vs local median 0.220508 (exactly 0.1x); adj=96.5 vs its own local median 898 => adj is 10x LOW; corrected value would be 965; only 1 symbol(s) that day -- uncorroborated, needs a provider re-fetch before any repair"
units,marketdata_marketcandle[1d_adj],کاما,1401-07-22,96.5,,suspect,"factor 0.0220521 vs local median 0.220507 (exactly 0.1x); adj=96.5 vs its own local median 897.5 => adj is 10x LOW; corrected value would be 965; only 1 symbol(s) that day -- uncorroborated, needs a provider re-fetch before any repair"
units,marketdata_marketcandle[1d_adj],کاما,1401-07-28,91.4,,suspect,"factor 0.022056 vs local median 0.220507 (exactly 0.1x); adj=91.4 vs its own local median 905.5 => adj is 10x LOW; corrected value would be 914; only 1 symbol(s) that day -- uncorroborated, needs a provider re-fetch before any repair"
units,marketdata_marketcandle[1d_adj],کاما,1401-07-29,91.4,,suspect,"factor 0.022056 vs local median 0.220508 (exactly 0.1x); adj=91.4 vs its own local median 913.5 => adj is 10x LOW; corrected value would be 914; only 1 symbol(s) that day -- uncorroborated, needs a provider re-fetch before any repair"
units,marketdata_marketcandle[1d_adj],کاما,1401-08-05,81.3,,suspect,"factor 0.0220504 vs local median 0.220514 (exactly 0.1x); adj=81.3 vs its own local median 914.5 => adj is 10x LOW; corrected value would be 813; only 1 symbol(s) that day -- uncorroborated, needs a provider re-fetch before any repair"
units,marketdata_marketcandle[1d_adj],کاما,1401-08-06,81.3,,suspect,"factor 0.0220504 vs local median 0.220522 (exactly 0.1x); adj=81.3 vs its own local median 916.5 => adj is 10x LOW; corrected value would be 813; only 1 symbol(s) that day -- uncorroborated, needs a provider re-fetch before any repair"
units,marketdata_marketcandle[1d_adj],کاما,1401-08-12,89.8,,suspect,"factor 0.0220585 vs local median 0.220539 (exactly 0.1x); adj=89.8 vs its own local median 925.5 => adj is 10x LOW; corrected value would be 898; only 1 symbol(s) that day -- uncorroborated, needs a provider re-fetch before any repair"
units,marketdata_marketcandle[1d_adj],کاما,1401-08-13,89.8,,suspect,"factor 0.0220585 vs local median 0.22055 (exactly 0.1x); adj=89.8 vs its own local median 944 => adj is 10x LOW; corrected value would be 898; only 1 symbol(s) that day -- uncorroborated, needs a provider re-fetch before any repair"
units,marketdata_marketcandle[1d_adj],کاما,1401-09-24,126.0,,suspect,"factor 0.0220665 vs local median 0.220583 (exactly 0.1x); adj=126 vs its own local median 1254 => adj is 10x LOW; corrected value would be 1260; only 1 symbol(s) that day -- uncorroborated, needs a provider re-fetch before any repair"
units,marketdata_marketcandle[1d_adj],کاما,1401-09-25,126.0,,suspect,"factor 0.0220665 vs local median 0.22058 (exactly 0.1x); adj=126 vs its own local median 1278.5 => adj is 10x LOW; corrected value would be 1260; only 1 symbol(s) that day -- uncorroborated, needs a provider re-fetch before any repair"
units,marketdata_marketcandle[1d_adj],کاما,1402-01-10,208.1,,suspect,"factor 0.044117 vs local median 0.441123 (exactly 0.1x); adj=208.1 vs its own local median 1980 => adj is 10x LOW; corrected value would be 2081; only 1 symbol(s) that day -- uncorroborated, needs a provider re-fetch before any repair"
units,marketdata_marketcandle[1d_adj],کاما,1402-01-11,208.1,,suspect,"factor 0.044117 vs local median 0.441128 (exactly 0.1x); adj=208.1 vs its own local median 2011 => adj is 10x LOW; corrected value would be 2081; only 1 symbol(s) that day -- uncorroborated, needs a provider re-fetch before any repair"
units,marketdata_marketcandle[1d_adj],کاما,1402-01-12,208.1,,suspect,"factor 0.044117 vs local median 0.441138 (exactly 0.1x); adj=208.1 vs its own local median 2050 => adj is 10x LOW; corrected value would be 2081; only 1 symbol(s) that day -- uncorroborated, needs a provider re-fetch before any repair"
units,marketdata_marketcandle[1d_adj],کاما,1402-01-13,208.1,,suspect,"factor 0.044117 vs local median 0.441144 (exactly 0.1x); adj=208.1 vs its own local median 2066.5 => adj is 10x LOW; corrected value would be 2081; only 1 symbol(s) that day -- uncorroborated, needs a provider re-fetch before any repair"
units,marketdata_marketcandle[1d_adj],کاما,1402-01-17,225.8,,suspect,"factor 0.0441188 vs local median 0.441155 (exactly 0.1x); adj=225.8 vs its own local median 2183.5 => adj is 10x LOW; corrected value would be 2258; only 1 symbol(s) that day -- uncorroborated, needs a provider re-fetch before any repair"
units,marketdata_marketcandle[1d_adj],کاما,1402-01-18,225.8,,suspect,"factor 0.0441188 vs local median 0.441155 (exactly 0.1x); adj=225.8 vs its own local median 2318 => adj is 10x LOW; corrected value would be 2258; only 1 symbol(s) that day -- uncorroborated, needs a provider re-fetch before any repair"
units,marketdata_marketcandle[1d_adj],کاما,1402-03-04,292.0,,suspect,"factor 0.0441088 vs local median 0.441149 (exactly 0.1x); adj=292 vs its own local median 2761.5 => adj is 10x LOW; corrected value would be 2920; only 1 symbol(s) that day -- uncorroborated, needs a provider re-fetch before any repair"
units,marketdata_marketcandle[1d_adj],کاما,1402-03-05,292.0,,suspect,"factor 0.0441088 vs local median 0.441162 (exactly 0.1x); adj=292 vs its own local median 2750.5 => adj is 10x LOW; corrected value would be 2920; only 1 symbol(s) that day -- uncorroborated, needs a provider re-fetch before any repair"
units,marketdata_marketcandle[1d_adj],کاما,1402-03-11,266.0,,suspect,"factor 0.0441128 vs local median 0.441176 (exactly 0.1x); adj=266 vs its own local median 2603 => adj is 10x LOW; corrected value would be 2660; only 1 symbol(s) that day -- uncorroborated, needs a provider re-fetch before any repair"
units,marketdata_marketcandle[1d_adj],کاما,1402-03-12,266.0,,suspect,"factor 0.0441128 vs local median 0.441176 (exactly 0.1x); adj=266 vs its own local median 2559 => adj is 10x LOW; corrected value would be 2660; only 1 symbol(s) that day -- uncorroborated, needs a provider re-fetch before any repair"
units,marketdata_marketcandle[1d_adj],کاما,1402-04-01,240.0,,suspect,"factor 0.0441176 vs local median 0.441196 (exactly 0.1x); adj=240 vs its own local median 2387 => adj is 10x LOW; corrected value would be 2400; only 1 symbol(s) that day -- uncorroborated, needs a provider re-fetch before any repair"
units,marketdata_marketcandle[1d_adj],کاما,1402-04-02,240.0,,suspect,"factor 0.0441176 vs local median 0.441202 (exactly 0.1x); adj=240 vs its own local median 2384.5 => adj is 10x LOW; corrected value would be 2400; only 1 symbol(s) that day -- uncorroborated, needs a provider re-fetch before any repair"
units,marketdata_marketcandle[1d_adj],کاما,1402-04-29,203.9,,suspect,"factor 0.0445294 vs local median 0.445142 (exactly 0.1x); adj=203.9 vs its own local median 2046 => adj is 10x LOW; corrected value would be 2039; only 1 symbol(s) that day -- uncorroborated, needs a provider re-fetch before any repair"
units,marketdata_marketcandle[1d_adj],کاما,1402-04-30,203.9,,suspect,"factor 0.0445294 vs local median 0.445149 (exactly 0.1x); adj=203.9 vs its own local median 2033 => adj is 10x LOW; corrected value would be 2039; only 1 symbol(s) that day -- uncorroborated, needs a provider re-fetch before any repair"
units,marketdata_marketcandle[1d_adj],کاما,1402-05-05,199.6,,suspect,"factor 0.0445138 vs local median 0.445168 (exactly 0.1x); adj=199.6 vs its own local median 1997.5 => adj is 10x LOW; corrected value would be 1996; only 1 symbol(s) that day -- uncorroborated, needs a provider re-fetch before any repair"
units,marketdata_marketcandle[1d_adj],کاما,1402-05-06,199.6,,suspect,"factor 0.0445138 vs local median 0.445181 (exactly 0.1x); adj=199.6 vs its own local median 1978.5 => adj is 10x LOW; corrected value would be 1996; only 1 symbol(s) that day -- uncorroborated, needs a provider re-fetch before any repair"
units,marketdata_marketcandle[1d_adj],کاما,1402-05-11,202.7,,suspect,"factor 0.0445299 vs local median 0.445189 (exactly 0.1x); adj=202.7 vs its own local median 1936.5 => adj is 10x LOW; corrected value would be 2027; only 1 symbol(s) that day -- uncorroborated, needs a provider re-fetch before any repair"
units,marketdata_marketcandle[1d_adj],کاما,1402-05-12,202.7,,suspect,"factor 0.0445299 vs local median 0.445189 (exactly 0.1x); adj=202.7 vs its own local median 1936.5 => adj is 10x LOW; corrected value would be 2027; only 1 symbol(s) that day -- uncorroborated, needs a provider re-fetch before any repair"
units,marketdata_marketcandle[1d_adj],کاما,1402-05-13,202.7,,suspect,"factor 0.0445299 vs local median 0.445182 (exactly 0.1x); adj=202.7 vs its own local median 1936.5 => adj is 10x LOW; corrected value would be 2027; only 1 symbol(s) that day -- uncorroborated, needs a provider re-fetch before any repair"
units,marketdata_marketcandle[1d_adj],کاما,1402-06-02,186.4,,suspect,"factor 0.0445187 vs local median 0.44521 (exactly 0.1x); adj=186.4 vs its own local median 2070.5 => adj is 10x LOW; corrected value would be 1864; only 1 symbol(s) that day -- uncorroborated, needs a provider re-fetch before any repair"
units,marketdata_marketcandle[1d_adj],کاما,1402-06-03,186.4,,suspect,"factor 0.0445187 vs local median 0.44521 (exactly 0.1x); adj=186.4 vs its own local median 2099.5 => adj is 10x LOW; corrected value would be 1864; only 1 symbol(s) that day -- uncorroborated, needs a provider re-fetch before any repair"
units,marketdata_marketcandle[1d_adj],کاما,1402-06-09,225.5,,suspect,"factor 0.0445212 vs local median 0.445238 (exactly 0.1x); adj=225.5 vs its own local median 2167.5 => adj is 10x LOW; corrected value would be 2255; only 1 symbol(s) that day -- uncorroborated, needs a provider re-fetch before any repair"
units,marketdata_marketcandle[1d_adj],کاما,1402-06-10,225.5,,suspect,"factor 0.0445212 vs local median 0.445238 (exactly 0.1x); adj=225.5 vs its own local median 2209.5 => adj is 10x LOW; corrected value would be 2255; only 1 symbol(s) that day -- uncorroborated, needs a provider re-fetch before any repair"
units,marketdata_marketcandle[1d_adj],کاما,1402-07-27,197.4,,suspect,"factor 0.0445297 vs local median 0.445232 (exactly 0.1x); adj=197.4 vs its own local median 2003.5 => adj is 10x LOW; corrected value would be 1974; only 1 symbol(s) that day -- uncorroborated, needs a provider re-fetch before any repair"
units,marketdata_marketcandle[1d_adj],کاما,1402-07-28,197.4,,suspect,"factor 0.0445297 vs local median 0.44523 (exactly 0.1x); adj=197.4 vs its own local median 1981.5 => adj is 10x LOW; corrected value would be 1974; only 1 symbol(s) that day -- uncorroborated, needs a provider re-fetch before any repair"
units,marketdata_marketcandle[1d_adj],کاما,1402-08-04,192.6,,suspect,"factor 0.0445318 vs local median 0.445205 (exactly 0.1x); adj=192.6 vs its own local median 1975.5 => adj is 10x LOW; corrected value would be 1926; only 1 symbol(s) that day -- uncorroborated, needs a provider re-fetch before any repair"
units,marketdata_marketcandle[1d_adj],کاما,1402-08-05,192.6,,suspect,"factor 0.0445318 vs local median 0.445196 (exactly 0.1x); adj=192.6 vs its own local median 1974 => adj is 10x LOW; corrected value would be 1926; only 1 symbol(s) that day -- uncorroborated, needs a provider re-fetch before any repair"
units,marketdata_marketcandle[1d_adj],کاما,1402-08-11,179.6,,suspect,"factor 0.0445216 vs local median 0.445184 (exactly 0.1x); adj=179.6 vs its own local median 1958 => adj is 10x LOW; corrected value would be 1796; only 1 symbol(s) that day -- uncorroborated, needs a provider re-fetch before any repair"
units,marketdata_marketcandle[1d_adj],کاما,1402-08-12,179.6,,suspect,"factor 0.0445216 vs local median 0.445165 (exactly 0.1x); adj=179.6 vs its own local median 1947.5 => adj is 10x LOW; corrected value would be 1796; only 1 symbol(s) that day -- uncorroborated, needs a provider re-fetch before any repair"
units,marketdata_marketcandle[1d_adj],کاما,1402-08-18,207.3,,suspect,"factor 0.0445232 vs local median 0.445165 (exactly 0.1x); adj=207.3 vs its own local median 1958 => adj is 10x LOW; corrected value would be 2073; only 1 symbol(s) that day -- uncorroborated, needs a provider re-fetch before any repair"
units,marketdata_marketcandle[1d_adj],کاما,1402-08-19,207.3,,suspect,"factor 0.0445232 vs local median 0.445165 (exactly 0.1x); adj=207.3 vs its own local median 1958 => adj is 10x LOW; corrected value would be 2073; only 1 symbol(s) that day -- uncorroborated, needs a provider re-fetch before any repair"
units,marketdata_marketcandle[1d_adj],کاما,1402-08-25,201.3,,suspect,"factor 0.0445157 vs local median 0.445183 (exactly 0.1x); adj=201.3 vs its own local median 1963.5 => adj is 10x LOW; corrected value would be 2013; only 1 symbol(s) that day -- uncorroborated, needs a provider re-fetch before any repair"
units,marketdata_marketcandle[1d_adj],کاما,1402-08-26,201.3,,suspect,"factor 0.0445157 vs local median 0.445183 (exactly 0.1x); adj=201.3 vs its own local median 1963.5 => adj is 10x LOW; corrected value would be 2013; only 1 symbol(s) that day -- uncorroborated, needs a provider re-fetch before any repair"
units,marketdata_marketcandle[1d_adj],کاما,1402-09-02,199.7,,suspect,"factor 0.0445262 vs local median 0.445186 (exactly 0.1x); adj=199.7 vs its own local median 1987 => adj is 10x LOW; corrected value would be 1997; only 1 symbol(s) that day -- uncorroborated, needs a provider re-fetch before any repair"
units,marketdata_marketcandle[1d_adj],کاما,1402-09-03,199.7,,suspect,"factor 0.0445262 vs local median 0.445186 (exactly 0.1x); adj=199.7 vs its own local median 1987 => adj is 10x LOW; corrected value would be 1997; only 1 symbol(s) that day -- uncorroborated, needs a provider re-fetch before any repair"
units,marketdata_marketcandle[1d_adj],کاما,1402-09-09,212.9,,suspect,"factor 0.0445304 vs local median 0.445161 (exactly 0.1x); adj=212.9 vs its own local median 2012.5 => adj is 10x LOW; corrected value would be 2129; only 1 symbol(s) that day -- uncorroborated, needs a provider re-fetch before any repair"
units,marketdata_marketcandle[1d_adj],کاما,1402-09-10,212.9,,suspect,"factor 0.0445304 vs local median 0.445161 (exactly 0.1x); adj=212.9 vs its own local median 2012.5 => adj is 10x LOW; corrected value would be 2129; only 1 symbol(s) that day -- uncorroborated, needs a provider re-fetch before any repair"
units,marketdata_marketcandle[1d_adj],کاما,1402-09-16,218.1,,suspect,"factor 0.0445284 vs local median 0.445186 (exactly 0.1x); adj=218.1 vs its own local median 2052.5 => adj is 10x LOW; corrected value would be 2181; only 1 symbol(s) that day -- uncorroborated, needs a provider re-fetch before any repair"
units,marketdata_marketcandle[1d_adj],کاما,1402-09-17,218.1,,suspect,"factor 0.0445284 vs local median 0.44519 (exactly 0.1x); adj=218.1 vs its own local median 2096.5 => adj is 10x LOW; corrected value would be 2181; only 1 symbol(s) that day -- uncorroborated, needs a provider re-fetch before any repair"
units,marketdata_marketcandle[1d_adj],کاما,1402-09-23,213.2,,suspect,"factor 0.0445187 vs local median 0.445186 (exactly 0.1x); adj=213.2 vs its own local median 2130.5 => adj is 10x LOW; corrected value would be 2132; only 1 symbol(s) that day -- uncorroborated, needs a provider re-fetch before any repair"
units,marketdata_marketcandle[1d_adj],کاما,1402-09-24,213.2,,suspect,"factor 0.0445187 vs local median 0.44519 (exactly 0.1x); adj=213.2 vs its own local median 2141 => adj is 10x LOW; corrected value would be 2132; only 1 symbol(s) that day -- uncorroborated, needs a provider re-fetch before any repair"
units,marketdata_marketcandle[1d_adj],کاما,1402-09-26,220.3,,suspect,"factor 0.044523 vs local median 0.445193 (exactly 0.1x); adj=220.3 vs its own local median 2143.5 => adj is 10x LOW; corrected value would be 2203; only 1 symbol(s) that day -- uncorroborated, needs a provider re-fetch before any repair"
units,marketdata_marketcandle[1d_adj],کاما,1402-09-30,219.8,,suspect,"factor 0.04453 vs local median 0.445193 (exactly 0.1x); adj=219.8 vs its own local median 2160 => adj is 10x LOW; corrected value would be 2198; only 1 symbol(s) that day -- uncorroborated, needs a provider re-fetch before any repair"
units,marketdata_marketcandle[1d_adj],کاما,1402-10-01,219.8,,suspect,"factor 0.04453 vs local median 0.445193 (exactly 0.1x); adj=219.8 vs its own local median 2169 => adj is 10x LOW; corrected value would be 2198; only 1 symbol(s) that day -- uncorroborated, needs a provider re-fetch before any repair"
units,marketdata_marketcandle[1d_adj],کاما,1402-10-14,215.0,,suspect,"factor 0.0445135 vs local median 0.445194 (exactly 0.1x); adj=215 vs its own local median 2141.5 => adj is 10x LOW; corrected value would be 2150; only 1 symbol(s) that day -- uncorroborated, needs a provider re-fetch before any repair"
units,marketdata_marketcandle[1d_adj],کاما,1402-10-15,215.0,,suspect,"factor 0.0445135 vs local median 0.445194 (exactly 0.1x); adj=215 vs its own local median 2141.5 => adj is 10x LOW; corrected value would be 2150; only 1 symbol(s) that day -- uncorroborated, needs a provider re-fetch before any repair"
units,marketdata_marketcandle[1d_adj],کاما,1402-10-28,225.8,,suspect,"factor 0.0445189 vs local median 0.445205 (exactly 0.1x); adj=225.8 vs its own local median 2106.5 => adj is 10x LOW; corrected value would be 2258; only 1 symbol(s) that day -- uncorroborated, needs a provider re-fetch before any repair"
units,marketdata_marketcandle[1d_adj],کاما,1402-10-29,225.8,,suspect,"factor 0.0445189 vs local median 0.445208 (exactly 0.1x); adj=225.8 vs its own local median 2103.5 => adj is 10x LOW; corrected value would be 2258; only 1 symbol(s) that day -- uncorroborated, needs a provider re-fetch before any repair"
units,marketdata_marketcandle[1d_adj],کاما,1402-11-12,205.5,,suspect,"factor 0.0445287 vs local median 0.445196 (exactly 0.1x); adj=205.5 vs its own local median 2051 => adj is 10x LOW; corrected value would be 2055; only 1 symbol(s) that day -- uncorroborated, needs a provider re-fetch before any repair"
units,marketdata_marketcandle[1d_adj],کاما,1402-11-13,205.5,,suspect,"factor 0.0445287 vs local median 0.445188 (exactly 0.1x); adj=205.5 vs its own local median 2048 => adj is 10x LOW; corrected value would be 2055; only 1 symbol(s) that day -- uncorroborated, needs a provider re-fetch before any repair"
units,marketdata_marketcandle[1d_adj],کاما,1402-11-19,208.7,,suspect,"factor 0.0445179 vs local median 0.445205 (exactly 0.1x); adj=208.7 vs its own local median 2048 => adj is 10x LOW; corrected value would be 2087; only 1 symbol(s) that day -- uncorroborated, needs a provider re-fetch before any repair"
units,marketdata_marketcandle[1d_adj],کاما,1402-11-20,208.7,,suspect,"factor 0.0445179 vs local median 0.445209 (exactly 0.1x); adj=208.7 vs its own local median 2048 => adj is 10x LOW; corrected value would be 2087; only 1 symbol(s) that day -- uncorroborated, needs a provider re-fetch before any repair"
units,marketdata_marketcandle[1d_adj],کاما,1402-11-22,204.8,,suspect,"factor 0.0445314 vs local median 0.445217 (exactly 0.1x); adj=204.8 vs its own local median 2048 => adj is 10x LOW; corrected value would be 2048; only 1 symbol(s) that day -- uncorroborated, needs a provider re-fetch before any repair"
units,marketdata_marketcandle[1d_adj],کاما,1402-12-01,203.0,,suspect,"factor 0.0445175 vs local median 0.445191 (exactly 0.1x); adj=203 vs its own local median 2027 => adj is 10x LOW; corrected value would be 2030; only 1 symbol(s) that day -- uncorroborated, needs a provider re-fetch before any repair"
units,marketdata_marketcandle[1d_adj],کاما,1402-12-03,204.6,,suspect,"factor 0.0445267 vs local median 0.445206 (exactly 0.1x); adj=204.6 vs its own local median 2027 => adj is 10x LOW; corrected value would be 2046; only 1 symbol(s) that day -- uncorroborated, needs a provider re-fetch before any repair"
units,marketdata_marketcandle[1d_adj],کاما,1402-12-04,204.6,,suspect,"factor 0.0445267 vs local median 0.445206 (exactly 0.1x); adj=204.6 vs its own local median 2027 => adj is 10x LOW; corrected value would be 2046; only 1 symbol(s) that day -- uncorroborated, needs a provider re-fetch before any repair"
units,marketdata_marketcandle[1d_adj],کاما,1403-01-04,226.5,,suspect,"factor 0.0667945 vs local median 0.667704 (exactly 0.1x); adj=226.5 vs its own local median 2136.5 => adj is 10x LOW; corrected value would be 2265; only 1 symbol(s) that day -- uncorroborated, needs a provider re-fetch before any repair"
units,marketdata_marketcandle[1d_adj],کاما,1403-01-09,248.6,,suspect,"factor 0.066792 vs local median 0.667725 (exactly 0.1x); adj=248.6 vs its own local median 2178 => adj is 10x LOW; corrected value would be 2486; only 1 symbol(s) that day -- uncorroborated, needs a provider re-fetch before any repair"
units,marketdata_marketcandle[1d_adj],کاما,1403-01-10,248.6,,suspect,"factor 0.066792 vs local median 0.667745 (exactly 0.1x); adj=248.6 vs its own local median 2184 => adj is 10x LOW; corrected value would be 2486; only 1 symbol(s) that day -- uncorroborated, needs a provider re-fetch before any repair"
units,marketdata_marketcandle[1d_adj],کاما,1403-01-16,230.7,,suspect,"factor 0.0667728 vs local median 0.667785 (exactly 0.1x); adj=230.7 vs its own local median 2218.5 => adj is 10x LOW; corrected value would be 2307; only 1 symbol(s) that day -- uncorroborated, needs a provider re-fetch before any repair"
units,marketdata_marketcandle[1d_adj],کاما,1403-01-17,230.7,,suspect,"factor 0.0667728 vs local median 0.667769 (exactly 0.1x); adj=230.7 vs its own local median 2209.5 => adj is 10x LOW; corrected value would be 2307; only 1 symbol(s) that day -- uncorroborated, needs a provider re-fetch before any repair"
units,marketdata_marketcandle[1d_adj],کاما,1403-01-22,233.6,,suspect,"factor 0.066781 vs local median 0.667763 (exactly 0.1x); adj=233.6 vs its own local median 2225 => adj is 10x LOW; corrected value would be 2336; only 1 symbol(s) that day -- uncorroborated, needs a provider re-fetch before any repair"
units,marketdata_marketcandle[1d_adj],کاما,1403-01-23,233.6,,suspect,"factor 0.066781 vs local median 0.667769 (exactly 0.1x); adj=233.6 vs its own local median 2250.5 => adj is 10x LOW; corrected value would be 2336; only 1 symbol(s) that day -- uncorroborated, needs a provider re-fetch before any repair"
units,marketdata_marketcandle[1d_adj],کاما,1403-01-24,233.6,,suspect,"factor 0.066781 vs local median 0.667769 (exactly 0.1x); adj=233.6 vs its own local median 2250.5 => adj is 10x LOW; corrected value would be 2336; only 1 symbol(s) that day -- uncorroborated, needs a provider re-fetch before any repair"
units,marketdata_marketcandle[1d_adj],کاما,1403-01-30,221.3,,suspect,"factor 0.0667773 vs local median 0.667785 (exactly 0.1x); adj=221.3 vs its own local median 2285.5 => adj is 10x LOW; corrected value would be 2213; only 1 symbol(s) that day -- uncorroborated, needs a provider re-fetch before any repair"
units,marketdata_marketcandle[1d_adj],کاما,1403-01-31,221.3,,suspect,"factor 0.0667773 vs local median 0.667767 (exactly 0.1x); adj=221.3 vs its own local median 2250.5 => adj is 10x LOW; corrected value would be 2213; only 1 symbol(s) that day -- uncorroborated, needs a provider re-fetch before any repair"
units,marketdata_marketcandle[1d_adj],کاما,1403-02-06,273.7,,suspect,"factor 0.0667887 vs local median 0.667804 (exactly 0.1x); adj=273.7 vs its own local median 2333.5 => adj is 10x LOW; corrected value would be 2737; only 1 symbol(s) that day -- uncorroborated, needs a provider re-fetch before any repair"
units,marketdata_marketcandle[1d_adj],کاما,1403-02-07,273.7,,suspect,"factor 0.0667887 vs local median 0.667812 (exactly 0.1x); adj=273.7 vs its own local median 2350 => adj is 10x LOW; corrected value would be 2737; only 1 symbol(s) that day -- uncorroborated, needs a provider re-fetch before any repair"
units,marketdata_marketcandle[1d_adj],کاما,1403-02-13,262.3,,suspect,"factor 0.066794 vs local median 0.6678 (exactly 0.1x); adj=262.3 vs its own local median 2368.5 => adj is 10x LOW; corrected value would be 2623; only 1 symbol(s) that day -- uncorroborated, needs a provider re-fetch before any repair"
units,marketdata_marketcandle[1d_adj],کاما,1403-02-14,262.3,,suspect,"factor 0.066794 vs local median 0.6678 (exactly 0.1x); adj=262.3 vs its own local median 2368.5 => adj is 10x LOW; corrected value would be 2623; only 1 symbol(s) that day -- uncorroborated, needs a provider re-fetch before any repair"
units,marketdata_marketcandle[1d_adj],کاما,1403-02-15,262.3,,suspect,"factor 0.066794 vs local median 0.667798 (exactly 0.1x); adj=262.3 vs its own local median 2368.5 => adj is 10x LOW; corrected value would be 2623; only 1 symbol(s) that day -- uncorroborated, needs a provider re-fetch before any repair"
units,marketdata_marketcandle[1d_adj],کاما,1403-02-20,258.9,,suspect,"factor 0.0667957 vs local median 0.667799 (exactly 0.1x); adj=258.9 vs its own local median 2368.5 => adj is 10x LOW; corrected value would be 2589; only 1 symbol(s) that day -- uncorroborated, needs a provider re-fetch before any repair"
units,marketdata_marketcandle[1d_adj],کاما,1403-02-21,258.9,,suspect,"factor 0.0667957 vs local median 0.667808 (exactly 0.1x); adj=258.9 vs its own local median 2368.5 => adj is 10x LOW; corrected value would be 2589; only 1 symbol(s) that day -- uncorroborated, needs a provider re-fetch before any repair"
units,marketdata_marketcandle[1d_adj],کاما,1403-02-31,235.4,,suspect,"factor 0.0667801 vs local median 0.667796 (exactly 0.1x); adj=235.4 vs its own local median 2305.5 => adj is 10x LOW; corrected value would be 2354; only 1 symbol(s) that day -- uncorroborated, needs a provider re-fetch before any repair"
units,marketdata_marketcandle[1d_adj],کاما,1403-03-02,237.3,,suspect,"factor 0.0667886 vs local median 0.667788 (exactly 0.1x); adj=237.3 vs its own local median 2281 => adj is 10x LOW; corrected value would be 2373; only 1 symbol(s) that day -- uncorroborated, needs a provider re-fetch before any repair"
units,marketdata_marketcandle[1d_adj],کاما,1403-03-03,237.3,,suspect,"factor 0.0667886 vs local median 0.667788 (exactly 0.1x); adj=237.3 vs its own local median 2248 => adj is 10x LOW; corrected value would be 2373; only 1 symbol(s) that day -- uncorroborated, needs a provider re-fetch before any repair"
units,marketdata_marketcandle[1d_adj],کاما,1403-03-04,237.3,,suspect,"factor 0.0667886 vs local median 0.667788 (exactly 0.1x); adj=237.3 vs its own local median 2209 => adj is 10x LOW; corrected value would be 2373; only 1 symbol(s) that day -- uncorroborated, needs a provider re-fetch before any repair"
units,marketdata_marketcandle[1d_adj],کاما,1403-03-10,234.9,,suspect,"factor 0.0667899 vs local median 0.667814 (exactly 0.1x); adj=234.9 vs its own local median 2138 => adj is 10x LOW; corrected value would be 2349; only 1 symbol(s) that day -- uncorroborated, needs a provider re-fetch before any repair"
units,marketdata_marketcandle[1d_adj],کاما,1403-03-11,234.9,,suspect,"factor 0.0667899 vs local median 0.667814 (exactly 0.1x); adj=234.9 vs its own local median 2106.5 => adj is 10x LOW; corrected value would be 2349; only 1 symbol(s) that day -- uncorroborated, needs a provider re-fetch before any repair"
units,marketdata_marketcandle[1d_adj],کاما,1403-03-14,226.5,,suspect,"factor 0.0667945 vs local median 0.667814 (exactly 0.1x); adj=226.5 vs its own local median 2078 => adj is 10x LOW; corrected value would be 2265; only 1 symbol(s) that day -- uncorroborated, needs a provider re-fetch before any repair"
units,marketdata_marketcandle[1d_adj],کاما,1403-03-15,226.5,,suspect,"factor 0.0667945 vs local median 0.667796 (exactly 0.1x); adj=226.5 vs its own local median 2061.5 => adj is 10x LOW; corrected value would be 2265; only 1 symbol(s) that day -- uncorroborated, needs a provider re-fetch before any repair"
units,marketdata_marketcandle[1d_adj],کاما,1403-03-24,208.9,,suspect,"factor 0.0667839 vs local median 0.667788 (exactly 0.1x); adj=208.9 vs its own local median 2051.5 => adj is 10x LOW; corrected value would be 2089; only 1 symbol(s) that day -- uncorroborated, needs a provider re-fetch before any repair"
units,marketdata_marketcandle[1d_adj],کاما,1403-03-25,208.9,,suspect,"factor 0.0667839 vs local median 0.667788 (exactly 0.1x); adj=208.9 vs its own local median 2054.5 => adj is 10x LOW; corrected value would be 2089; only 1 symbol(s) that day -- uncorroborated, needs a provider re-fetch before any repair"
units,marketdata_marketcandle[1d_adj],کاما,1403-03-28,205.6,,suspect,"factor 0.0667966 vs local median 0.667809 (exactly 0.1x); adj=205.6 vs its own local median 2054.5 => adj is 10x LOW; corrected value would be 2056; only 1 symbol(s) that day -- uncorroborated, needs a provider re-fetch before any repair"
units,marketdata_marketcandle[1d_adj],کاما,1403-04-05,202.5,,suspect,"factor 0.0667876 vs local median 0.667855 (exactly 0.1x); adj=202.5 vs its own local median 2034.5 => adj is 10x LOW; corrected value would be 2025; only 1 symbol(s) that day -- uncorroborated, needs a provider re-fetch before any repair"
units,marketdata_marketcandle[1d_adj],کاما,1403-04-07,205.3,,suspect,"factor 0.0667859 vs local median 0.667855 (exactly 0.1x); adj=205.3 vs its own local median 2019 => adj is 10x LOW; corrected value would be 2053; only 1 symbol(s) that day -- uncorroborated, needs a provider re-fetch before any repair"
units,marketdata_marketcandle[1d_adj],کاما,1403-04-08,205.3,,suspect,"factor 0.0667859 vs local median 0.667868 (exactly 0.1x); adj=205.3 vs its own local median 2019 => adj is 10x LOW; corrected value would be 2053; only 1 symbol(s) that day -- uncorroborated, needs a provider re-fetch before any repair"
units,marketdata_marketcandle[1d_adj],کاما,1403-04-28,207.2,,suspect,"factor 0.0671855 vs local median 0.667906 (exactly 0.1x); adj=207.2 vs its own local median 1902 => adj is 10x LOW; corrected value would be 2072; only 1 symbol(s) that day -- uncorroborated, needs a provider re-fetch before any repair"
units,marketdata_marketcandle[1d_adj],کاما,1403-04-29,207.2,,suspect,"factor 0.0671855 vs local median 0.66788 (exactly 0.1x); adj=207.2 vs its own local median 1861 => adj is 10x LOW; corrected value would be 2072; only 1 symbol(s) that day -- uncorroborated, needs a provider re-fetch before any repair"
units,marketdata_marketcandle[1d_adj],کاما,1403-05-04,189.5,,suspect,"factor 0.0671748 vs local median 0.667968 (exactly 0.1x); adj=189.5 vs its own local median 1567.5 => adj is 10x LOW; corrected value would be 1895; only 1 symbol(s) that day -- uncorroborated, needs a provider re-fetch before any repair"
units,marketdata_marketcandle[1d_adj],کاما,1403-05-05,189.5,,suspect,"factor 0.0671748 vs local median 0.667968 (exactly 0.1x); adj=189.5 vs its own local median 1567.5 => adj is 10x LOW; corrected value would be 1895; only 1 symbol(s) that day -- uncorroborated, needs a provider re-fetch before any repair"
units,marketdata_marketcandle[1d_adj],کاما,1403-05-11,167.9,,suspect,"factor 0.0671869 vs local median 0.671689 (exactly 0.1x); adj=167.9 vs its own local median 1562.5 => adj is 10x LOW; corrected value would be 1679; only 1 symbol(s) that day -- uncorroborated, needs a provider re-fetch before any repair"
units,marketdata_marketcandle[1d_adj],کاما,1403-05-12,167.9,,suspect,"factor 0.0671869 vs local median 0.671695 (exactly 0.1x); adj=167.9 vs its own local median 1562.5 => adj is 10x LOW; corrected value would be 1679; only 1 symbol(s) that day -- uncorroborated, needs a provider re-fetch before any repair"
units,marketdata_marketcandle[1d_adj],کاما,1403-05-17,154.4,,suspect,"factor 0.0671596 vs local median 0.671726 (exactly 0.1x); adj=154.4 vs its own local median 1559 => adj is 10x LOW; corrected value would be 1544; only 1 symbol(s) that day -- uncorroborated, needs a provider re-fetch before any repair"
units,marketdata_marketcandle[1d_adj],کاما,1403-05-18,154.4,,suspect,"factor 0.0671596 vs local median 0.671702 (exactly 0.1x); adj=154.4 vs its own local median 1552.5 => adj is 10x LOW; corrected value would be 1544; only 1 symbol(s) that day -- uncorroborated, needs a provider re-fetch before any repair"
units,marketdata_marketcandle[1d_adj],کاما,1403-05-19,154.4,,suspect,"factor 0.0671596 vs local median 0.671726 (exactly 0.1x); adj=154.4 vs its own local median 1559 => adj is 10x LOW; corrected value would be 1544; only 1 symbol(s) that day -- uncorroborated, needs a provider re-fetch before any repair"
units,marketdata_marketcandle[1d_adj],کاما,1403-05-25,153.4,,suspect,"factor 0.0671923 vs local median 0.671689 (exactly 0.1x); adj=153.4 vs its own local median 1539 => adj is 10x LOW; corrected value would be 1534; only 1 symbol(s) that day -- uncorroborated, needs a provider re-fetch before any repair"
units,marketdata_marketcandle[1d_adj],کاما,1403-05-26,153.4,,suspect,"factor 0.0671923 vs local median 0.671695 (exactly 0.1x); adj=153.4 vs its own local median 1546 => adj is 10x LOW; corrected value would be 1534; only 1 symbol(s) that day -- uncorroborated, needs a provider re-fetch before any repair"
units,marketdata_marketcandle[1d_adj],کاما,1403-06-04,158.9,,suspect,"factor 0.0671882 vs local median 0.671743 (exactly 0.1x); adj=158.9 vs its own local median 1561.5 => adj is 10x LOW; corrected value would be 1589; only 1 symbol(s) that day -- uncorroborated, needs a provider re-fetch before any repair"
units,marketdata_marketcandle[1d_adj],کاما,1403-06-08,163.4,,suspect,"factor 0.0671875 vs local median 0.671722 (exactly 0.1x); adj=163.4 vs its own local median 1561.5 => adj is 10x LOW; corrected value would be 1634; only 1 symbol(s) that day -- uncorroborated, needs a provider re-fetch before any repair"
units,marketdata_marketcandle[1d_adj],کاما,1403-06-09,163.4,,suspect,"factor 0.0671875 vs local median 0.671722 (exactly 0.1x); adj=163.4 vs its own local median 1561.5 => adj is 10x LOW; corrected value would be 1634; only 1 symbol(s) that day -- uncorroborated, needs a provider re-fetch before any repair"
units,marketdata_marketcandle[1d_adj],کاما,1403-06-12,169.6,,suspect,"factor 0.0671949 vs local median 0.671743 (exactly 0.1x); adj=169.6 vs its own local median 1584 => adj is 10x LOW; corrected value would be 1696; only 1 symbol(s) that day -- uncorroborated, needs a provider re-fetch before any repair"
units,marketdata_marketcandle[1d_adj],کاما,1403-06-14,169.7,,suspect,"factor 0.0671813 vs local median 0.671702 (exactly 0.1x); adj=169.7 vs its own local median 1594.5 => adj is 10x LOW; corrected value would be 1697; only 1 symbol(s) that day -- uncorroborated, needs a provider re-fetch before any repair"
units,marketdata_marketcandle[1d_adj],کاما,1403-06-15,169.7,,suspect,"factor 0.0671813 vs local median 0.671702 (exactly 0.1x); adj=169.7 vs its own local median 1594.5 => adj is 10x LOW; corrected value would be 1697; only 1 symbol(s) that day -- uncorroborated, needs a provider re-fetch before any repair"
units,marketdata_marketcandle[1d_adj],کاما,1403-06-16,169.7,,suspect,"factor 0.0671813 vs local median 0.671702 (exactly 0.1x); adj=169.7 vs its own local median 1609 => adj is 10x LOW; corrected value would be 1697; only 1 symbol(s) that day -- uncorroborated, needs a provider re-fetch before any repair"
units,marketdata_marketcandle[1d_adj],کاما,1403-06-29,178.0,,suspect,"factor 0.0671698 vs local median 0.671743 (exactly 0.1x); adj=178 vs its own local median 1772.5 => adj is 10x LOW; corrected value would be 1780; only 1 symbol(s) that day -- uncorroborated, needs a provider re-fetch before any repair"
units,marketdata_marketcandle[1d_adj],کاما,1403-06-30,178.0,,suspect,"factor 0.0671698 vs local median 0.671719 (exactly 0.1x); adj=178 vs its own local median 1772.5 => adj is 10x LOW; corrected value would be 1780; only 1 symbol(s) that day -- uncorroborated, needs a provider re-fetch before any repair"
units,marketdata_marketcandle[1d_adj],کاما,1403-06-31,178.0,,suspect,"factor 0.0671698 vs local median 0.671719 (exactly 0.1x); adj=178 vs its own local median 1772.5 => adj is 10x LOW; corrected value would be 1780; only 1 symbol(s) that day -- uncorroborated, needs a provider re-fetch before any repair"
units,marketdata_marketcandle[1d_adj],کاما,1403-07-05,179.8,,suspect,"factor 0.0671647 vs local median 0.671743 (exactly 0.1x); adj=179.8 vs its own local median 1772.5 => adj is 10x LOW; corrected value would be 1798; only 1 symbol(s) that day -- uncorroborated, needs a provider re-fetch before any repair"
units,marketdata_marketcandle[1d_adj],کاما,1403-07-06,179.8,,suspect,"factor 0.0671647 vs local median 0.671743 (exactly 0.1x); adj=179.8 vs its own local median 1772.5 => adj is 10x LOW; corrected value would be 1798; only 1 symbol(s) that day -- uncorroborated, needs a provider re-fetch before any repair"
units,marketdata_marketcandle[1d_adj],کاما,1403-07-19,178.4,,suspect,"factor 0.0671687 vs local median 0.671694 (exactly 0.1x); adj=178.4 vs its own local median 1628.5 => adj is 10x LOW; corrected value would be 1784; only 1 symbol(s) that day -- uncorroborated, needs a provider re-fetch before any repair"
units,marketdata_marketcandle[1d_adj],کاما,1403-07-20,178.4,,suspect,"factor 0.0671687 vs local median 0.671702 (exactly 0.1x); adj=178.4 vs its own local median 1616.5 => adj is 10x LOW; corrected value would be 1784; only 1 symbol(s) that day -- uncorroborated, needs a provider re-fetch before any repair"
units,marketdata_marketcandle[1d_adj],کاما,1403-08-03,155.3,,suspect,"factor 0.0671713 vs local median 0.671741 (exactly 0.1x); adj=155.3 vs its own local median 1581 => adj is 10x LOW; corrected value would be 1553; only 1 symbol(s) that day -- uncorroborated, needs a provider re-fetch before any repair"
units,marketdata_marketcandle[1d_adj],کاما,1403-08-04,155.3,,suspect,"factor 0.0671713 vs local median 0.671727 (exactly 0.1x); adj=155.3 vs its own local median 1581 => adj is 10x LOW; corrected value would be 1553; only 1 symbol(s) that day -- uncorroborated, needs a provider re-fetch before any repair"
units,marketdata_marketcandle[1d_adj],کاما,1403-08-10,157.4,,suspect,"factor 0.0671788 vs local median 0.671719 (exactly 0.1x); adj=157.4 vs its own local median 1581 => adj is 10x LOW; corrected value would be 1574; only 1 symbol(s) that day -- uncorroborated, needs a provider re-fetch before any repair"
units,marketdata_marketcandle[1d_adj],کاما,1403-08-11,157.4,,suspect,"factor 0.0671788 vs local median 0.671727 (exactly 0.1x); adj=157.4 vs its own local median 1581 => adj is 10x LOW; corrected value would be 1574; only 1 symbol(s) that day -- uncorroborated, needs a provider re-fetch before any repair"
units,marketdata_marketcandle[1d_adj],کاما,1403-08-24,164.7,,suspect,"factor 0.0671971 vs local median 0.671719 (exactly 0.1x); adj=164.7 vs its own local median 1600.5 => adj is 10x LOW; corrected value would be 1647; only 1 symbol(s) that day -- uncorroborated, needs a provider re-fetch before any repair"
units,marketdata_marketcandle[1d_adj],کاما,1403-08-25,164.7,,suspect,"factor 0.0671971 vs local median 0.671727 (exactly 0.1x); adj=164.7 vs its own local median 1610 => adj is 10x LOW; corrected value would be 1647; only 1 symbol(s) that day -- uncorroborated, needs a provider re-fetch before any repair"
units,marketdata_marketcandle[1d_adj],کاما,1403-09-08,195.6,,suspect,"factor 0.0671934 vs local median 0.671757 (exactly 0.1x); adj=195.6 vs its own local median 1769.5 => adj is 10x LOW; corrected value would be 1956; only 1 symbol(s) that day -- uncorroborated, needs a provider re-fetch before any repair"
units,marketdata_marketcandle[1d_adj],کاما,1403-09-09,195.6,,suspect,"factor 0.0671934 vs local median 0.671753 (exactly 0.1x); adj=195.6 vs its own local median 1810 => adj is 10x LOW; corrected value would be 1956; only 1 symbol(s) that day -- uncorroborated, needs a provider re-fetch before any repair"
units,marketdata_marketcandle[1d_adj],کاما,1403-09-15,209.9,,suspect,"factor 0.067168 vs local median 0.671703 (exactly 0.1x); adj=209.9 vs its own local median 1899.5 => adj is 10x LOW; corrected value would be 2099; only 1 symbol(s) that day -- uncorroborated, needs a provider re-fetch before any repair"
units,marketdata_marketcandle[1d_adj],کاما,1403-09-16,209.9,,suspect,"factor 0.067168 vs local median 0.671698 (exactly 0.1x); adj=209.9 vs its own local median 1899.5 => adj is 10x LOW; corrected value would be 2099; only 1 symbol(s) that day -- uncorroborated, needs a provider re-fetch before any repair"
units,marketdata_marketcandle[1d_adj],کاما,1403-09-29,210.3,,suspect,"factor 0.067167 vs local median 0.671704 (exactly 0.1x); adj=210.3 vs its own local median 2022 => adj is 10x LOW; corrected value would be 2103; only 1 symbol(s) that day -- uncorroborated, needs a provider re-fetch before any repair"
units,marketdata_marketcandle[1d_adj],کاما,1403-09-30,210.3,,suspect,"factor 0.067167 vs local median 0.671691 (exactly 0.1x); adj=210.3 vs its own local median 2022 => adj is 10x LOW; corrected value would be 2103; only 1 symbol(s) that day -- uncorroborated, needs a provider re-fetch before any repair"
units,marketdata_marketcandle[1d_adj],کاما,1403-10-05,205.6,,suspect,"factor 0.0671676 vs local median 0.671702 (exactly 0.1x); adj=205.6 vs its own local median 2048 => adj is 10x LOW; corrected value would be 2056; only 1 symbol(s) that day -- uncorroborated, needs a provider re-fetch before any repair"
units,marketdata_marketcandle[1d_adj],کاما,1403-10-06,205.6,,suspect,"factor 0.0671676 vs local median 0.671702 (exactly 0.1x); adj=205.6 vs its own local median 2048 => adj is 10x LOW; corrected value would be 2056; only 1 symbol(s) that day -- uncorroborated, needs a provider re-fetch before any repair"
units,marketdata_marketcandle[1d_adj],کاما,1403-10-07,205.6,,suspect,"factor 0.0671676 vs local median 0.671718 (exactly 0.1x); adj=205.6 vs its own local median 2048 => adj is 10x LOW; corrected value would be 2056; only 1 symbol(s) that day -- uncorroborated, needs a provider re-fetch before any repair"
units,marketdata_marketcandle[1d_adj],کاما,1403-10-08,205.6,,suspect,"factor 0.0671676 vs local median 0.67173 (exactly 0.1x); adj=205.6 vs its own local median 2053 => adj is 10x LOW; corrected value would be 2056; only 1 symbol(s) that day -- uncorroborated, needs a provider re-fetch before any repair"
units,marketdata_marketcandle[1d_adj],کاما,1403-10-13,197.3,,suspect,"factor 0.0671774 vs local median 0.671702 (exactly 0.1x); adj=197.3 vs its own local median 2087 => adj is 10x LOW; corrected value would be 1973; only 1 symbol(s) that day -- uncorroborated, needs a provider re-fetch before any repair"
units,marketdata_marketcandle[1d_adj],کاما,1403-10-14,197.3,,suspect,"factor 0.0671774 vs local median 0.671702 (exactly 0.1x); adj=197.3 vs its own local median 2092 => adj is 10x LOW; corrected value would be 1973; only 1 symbol(s) that day -- uncorroborated, needs a provider re-fetch before any repair"
units,marketdata_marketcandle[1d_adj],کاما,1403-10-20,225.9,,suspect,"factor 0.0671722 vs local median 0.671702 (exactly 0.1x); adj=225.9 vs its own local median 2039.5 => adj is 10x LOW; corrected value would be 2259; only 1 symbol(s) that day -- uncorroborated, needs a provider re-fetch before any repair"
units,marketdata_marketcandle[1d_adj],کاما,1403-10-21,225.9,,suspect,"factor 0.0671722 vs local median 0.671718 (exactly 0.1x); adj=225.9 vs its own local median 2039.5 => adj is 10x LOW; corrected value would be 2259; only 1 symbol(s) that day -- uncorroborated, needs a provider re-fetch before any repair"
units,marketdata_marketcandle[1d_adj],کاما,1403-10-25,231.8,,suspect,"factor 0.0671689 vs local median 0.671742 (exactly 0.1x); adj=231.8 vs its own local median 2011.5 => adj is 10x LOW; corrected value would be 2318; only 1 symbol(s) that day -- uncorroborated, needs a provider re-fetch before any repair"
units,marketdata_marketcandle[1d_adj],کاما,1403-11-04,217.9,,suspect,"factor 0.0671909 vs local median 0.671733 (exactly 0.1x); adj=217.9 vs its own local median 1995.5 => adj is 10x LOW; corrected value would be 2179; only 1 symbol(s) that day -- uncorroborated, needs a provider re-fetch before any repair"
units,marketdata_marketcandle[1d_adj],کاما,1403-11-05,217.9,,suspect,"factor 0.0671909 vs local median 0.671725 (exactly 0.1x); adj=217.9 vs its own local median 1995.5 => adj is 10x LOW; corrected value would be 2179; only 1 symbol(s) that day -- uncorroborated, needs a provider re-fetch before any repair"
units,marketdata_marketcandle[1d_adj],کاما,1403-11-09,205.1,,suspect,"factor 0.0671798 vs local median 0.671725 (exactly 0.1x); adj=205.1 vs its own local median 1986 => adj is 10x LOW; corrected value would be 2051; only 1 symbol(s) that day -- uncorroborated, needs a provider re-fetch before any repair"
units,marketdata_marketcandle[1d_adj],کاما,1403-11-11,199.1,,suspect,"factor 0.0671727 vs local median 0.671684 (exactly 0.1x); adj=199.1 vs its own local median 1948.5 => adj is 10x LOW; corrected value would be 1991; only 1 symbol(s) that day -- uncorroborated, needs a provider re-fetch before any repair"
units,marketdata_marketcandle[1d_adj],کاما,1403-11-12,199.1,,suspect,"factor 0.0671727 vs local median 0.671663 (exactly 0.1x); adj=199.1 vs its own local median 1920.5 => adj is 10x LOW; corrected value would be 1991; only 1 symbol(s) that day -- uncorroborated, needs a provider re-fetch before any repair"
units,marketdata_marketcandle[1d_adj],کاما,1403-11-18,205.2,,suspect,"factor 0.0671906 vs local median 0.671671 (exactly 0.1x); adj=205.2 vs its own local median 1921 => adj is 10x LOW; corrected value would be 2052; only 1 symbol(s) that day -- uncorroborated, needs a provider re-fetch before any repair"
units,marketdata_marketcandle[1d_adj],کاما,1403-11-19,205.2,,suspect,"factor 0.0671906 vs local median 0.671655 (exactly 0.1x); adj=205.2 vs its own local median 1904.5 => adj is 10x LOW; corrected value would be 2052; only 1 symbol(s) that day -- uncorroborated, needs a provider re-fetch before any repair"
units,marketdata_marketcandle[1d_adj],کاما,1403-11-20,205.2,,suspect,"factor 0.0671906 vs local median 0.671639 (exactly 0.1x); adj=205.2 vs its own local median 1889.5 => adj is 10x LOW; corrected value would be 2052; only 1 symbol(s) that day -- uncorroborated, needs a provider re-fetch before any repair"
units,marketdata_marketcandle[1d_adj],کاما,1403-11-22,198.4,,suspect,"factor 0.0671632 vs local median 0.671639 (exactly 0.1x); adj=198.4 vs its own local median 1880 => adj is 10x LOW; corrected value would be 1984; only 1 symbol(s) that day -- uncorroborated, needs a provider re-fetch before any repair"
units,marketdata_marketcandle[1d_adj],کاما,1403-11-24,195.7,,suspect,"factor 0.0671816 vs local median 0.671639 (exactly 0.1x); adj=195.7 vs its own local median 1837 => adj is 10x LOW; corrected value would be 1957; only 1 symbol(s) that day -- uncorroborated, needs a provider re-fetch before any repair"
units,marketdata_marketcandle[1d_adj],کاما,1403-11-25,195.7,,suspect,"factor 0.0671816 vs local median 0.671655 (exactly 0.1x); adj=195.7 vs its own local median 1837 => adj is 10x LOW; corrected value would be 1957; only 1 symbol(s) that day -- uncorroborated, needs a provider re-fetch before any repair"
units,marketdata_marketcandle[1d_adj],کاما,1403-11-26,195.7,,suspect,"factor 0.0671816 vs local median 0.671655 (exactly 0.1x); adj=195.7 vs its own local median 1837 => adj is 10x LOW; corrected value would be 1957; only 1 symbol(s) that day -- uncorroborated, needs a provider re-fetch before any repair"
units,marketdata_marketcandle[1d_adj],کاما,1403-11-30,184.3,,suspect,"factor 0.0671647 vs local median 0.671639 (exactly 0.1x); adj=184.3 vs its own local median 1743.5 => adj is 10x LOW; corrected value would be 1843; only 1 symbol(s) that day -- uncorroborated, needs a provider re-fetch before any repair"
units,marketdata_marketcandle[1d_adj],کاما,1403-12-01,184.3,,suspect,"factor 0.0671647 vs local median 0.671639 (exactly 0.1x); adj=184.3 vs its own local median 1690.5 => adj is 10x LOW; corrected value would be 1843; only 1 symbol(s) that day -- uncorroborated, needs a provider re-fetch before any repair"
units,marketdata_marketcandle[1d_adj],کاما,1403-12-02,184.3,,suspect,"factor 0.0671647 vs local median 0.671654 (exactly 0.1x); adj=184.3 vs its own local median 1690.5 => adj is 10x LOW; corrected value would be 1843; only 1 symbol(s) that day -- uncorroborated, needs a provider re-fetch before any repair"
units,marketdata_marketcandle[1d_adj],کاما,1403-12-03,184.3,,suspect,"factor 0.0671647 vs local median 0.671661 (exactly 0.1x); adj=184.3 vs its own local median 1713.5 => adj is 10x LOW; corrected value would be 1843; only 1 symbol(s) that day -- uncorroborated, needs a provider re-fetch before any repair"
units,marketdata_marketcandle[1d_adj],کاما,1403-12-04,184.3,,suspect,"factor 0.0671647 vs local median 0.671661 (exactly 0.1x); adj=184.3 vs its own local median 1713.5 => adj is 10x LOW; corrected value would be 1843; only 1 symbol(s) that day -- uncorroborated, needs a provider re-fetch before any repair"
units,marketdata_marketcandle[1d_adj],کاما,1403-12-09,193.4,,suspect,"factor 0.0671761 vs local median 0.671645 (exactly 0.1x); adj=193.4 vs its own local median 1666.5 => adj is 10x LOW; corrected value would be 1934; only 1 symbol(s) that day -- uncorroborated, needs a provider re-fetch before any repair"
units,marketdata_marketcandle[1d_adj],کاما,1403-12-10,193.4,,suspect,"factor 0.0671761 vs local median 0.671645 (exactly 0.1x); adj=193.4 vs its own local median 1666.5 => adj is 10x LOW; corrected value would be 1934; only 1 symbol(s) that day -- uncorroborated, needs a provider re-fetch before any repair"
units,marketdata_marketcandle[1d_adj],کاما,1403-12-16,177.3,,suspect,"factor 0.0671845 vs local median 0.671645 (exactly 0.1x); adj=177.3 vs its own local median 1661.5 => adj is 10x LOW; corrected value would be 1773; only 1 symbol(s) that day -- uncorroborated, needs a provider re-fetch before any repair"
units,marketdata_marketcandle[1d_adj],کاما,1403-12-17,177.3,,suspect,"factor 0.0671845 vs local median 0.671645 (exactly 0.1x); adj=177.3 vs its own local median 1666.5 => adj is 10x LOW; corrected value would be 1773; only 1 symbol(s) that day -- uncorroborated, needs a provider re-fetch before any repair"
units,marketdata_marketcandle[1d_adj],کاما,1403-12-29,167.4,,suspect,"factor 0.067175 vs local median 0.671642 (exactly 0.1x); adj=167.4 vs its own local median 1656 => adj is 10x LOW; corrected value would be 1674; only 1 symbol(s) that day -- uncorroborated, needs a provider re-fetch before any repair"
units,marketdata_marketcandle[1d_adj],کاما,1403-12-30,167.4,,suspect,"factor 0.067175 vs local median 0.671636 (exactly 0.1x); adj=167.4 vs its own local median 1642.5 => adj is 10x LOW; corrected value would be 1674; only 1 symbol(s) that day -- uncorroborated, needs a provider re-fetch before any repair"
units,marketdata_marketcandle[1d_adj],کاما,1404-01-01,167.4,,suspect,"factor 0.067175 vs local median 0.671627 (exactly 0.1x); adj=167.4 vs its own local median 1632 => adj is 10x LOW; corrected value would be 1674; only 1 symbol(s) that day -- uncorroborated, needs a provider re-fetch before any repair"
units,marketdata_marketcandle[1d_adj],کاما,1404-01-02,167.4,,suspect,"factor 0.067175 vs local median 0.671636 (exactly 0.1x); adj=167.4 vs its own local median 1644.5 => adj is 10x LOW; corrected value would be 1674; only 1 symbol(s) that day -- uncorroborated, needs a provider re-fetch before any repair"
units,marketdata_marketcandle[1d_adj],کاما,1404-01-03,167.4,,suspect,"factor 0.067175 vs local median 0.671642 (exactly 0.1x); adj=167.4 vs its own local median 1656 => adj is 10x LOW; corrected value would be 1674; only 1 symbol(s) that day -- uncorroborated, needs a provider re-fetch before any repair"
units,marketdata_marketcandle[1d_adj],کاما,1404-01-04,167.4,,suspect,"factor 0.067175 vs local median 0.671636 (exactly 0.1x); adj=167.4 vs its own local median 1656 => adj is 10x LOW; corrected value would be 1674; only 1 symbol(s) that day -- uncorroborated, needs a provider re-fetch before any repair"
units,marketdata_marketcandle[1d_adj],کاما,1404-01-05,167.4,,suspect,"factor 0.067175 vs local median 0.671636 (exactly 0.1x); adj=167.4 vs its own local median 1656 => adj is 10x LOW; corrected value would be 1674; only 1 symbol(s) that day -- uncorroborated, needs a provider re-fetch before any repair"
units,marketdata_marketcandle[1d_adj],کاما,1404-01-07,172.4,,suspect,"factor 0.0671863 vs local median 0.671621 (exactly 0.1x); adj=172.4 vs its own local median 1632 => adj is 10x LOW; corrected value would be 1724; only 1 symbol(s) that day -- uncorroborated, needs a provider re-fetch before any repair"
units,marketdata_marketcandle[1d_adj],کاما,1404-01-08,172.4,,suspect,"factor 0.0671863 vs local median 0.671621 (exactly 0.1x); adj=172.4 vs its own local median 1632 => adj is 10x LOW; corrected value would be 1724; only 1 symbol(s) that day -- uncorroborated, needs a provider re-fetch before any repair"
units,marketdata_marketcandle[1d_adj],کاما,1404-01-11,173.2,,suspect,"factor 0.0671839 vs local median 0.671642 (exactly 0.1x); adj=173.2 vs its own local median 1656 => adj is 10x LOW; corrected value would be 1732; only 1 symbol(s) that day -- uncorroborated, needs a provider re-fetch before any repair"
units,marketdata_marketcandle[1d_adj],کاما,1404-01-12,173.2,,suspect,"factor 0.0671839 vs local median 0.671642 (exactly 0.1x); adj=173.2 vs its own local median 1656 => adj is 10x LOW; corrected value would be 1732; only 1 symbol(s) that day -- uncorroborated, needs a provider re-fetch before any repair"
units,marketdata_marketcandle[1d_adj],کاما,1404-01-13,173.2,,suspect,"factor 0.0671839 vs local median 0.671633 (exactly 0.1x); adj=173.2 vs its own local median 1644.5 => adj is 10x LOW; corrected value would be 1732; only 1 symbol(s) that day -- uncorroborated, needs a provider re-fetch before any repair"
units,marketdata_marketcandle[1d_adj],کاما,1404-01-14,173.2,,suspect,"factor 0.0671839 vs local median 0.671621 (exactly 0.1x); adj=173.2 vs its own local median 1644.5 => adj is 10x LOW; corrected value would be 1732; only 1 symbol(s) that day -- uncorroborated, needs a provider re-fetch before any repair"
units,marketdata_marketcandle[1d_adj],کاما,1404-01-15,173.2,,suspect,"factor 0.0671839 vs local median 0.671621 (exactly 0.1x); adj=173.2 vs its own local median 1644.5 => adj is 10x LOW; corrected value would be 1732; only 1 symbol(s) that day -- uncorroborated, needs a provider re-fetch before any repair"
units,marketdata_marketcandle[1d_adj],کاما,1404-01-28,176.5,,suspect,"factor 0.0671869 vs local median 0.671674 (exactly 0.1x); adj=176.5 vs its own local median 1684 => adj is 10x LOW; corrected value would be 1765; only 1 symbol(s) that day -- uncorroborated, needs a provider re-fetch before any repair"
units,marketdata_marketcandle[1d_adj],کاما,1404-01-29,176.5,,suspect,"factor 0.0671869 vs local median 0.671674 (exactly 0.1x); adj=176.5 vs its own local median 1684 => adj is 10x LOW; corrected value would be 1765; only 1 symbol(s) that day -- uncorroborated, needs a provider re-fetch before any repair"
units,marketdata_marketcandle[1d_adj],کاما,1404-02-04,193.1,,suspect,"factor 0.0671886 vs local median 0.671678 (exactly 0.1x); adj=193.1 vs its own local median 1783 => adj is 10x LOW; corrected value would be 1931; only 1 symbol(s) that day -- uncorroborated, needs a provider re-fetch before any repair"
units,marketdata_marketcandle[1d_adj],کاما,1404-02-05,193.1,,suspect,"factor 0.0671886 vs local median 0.671684 (exactly 0.1x); adj=193.1 vs its own local median 1831.5 => adj is 10x LOW; corrected value would be 1931; only 1 symbol(s) that day -- uncorroborated, needs a provider re-fetch before any repair"
units,marketdata_marketcandle[1d_adj],کاما,1404-02-11,210.1,,suspect,"factor 0.0671675 vs local median 0.671721 (exactly 0.1x); adj=210.1 vs its own local median 1951.5 => adj is 10x LOW; corrected value would be 2101; only 1 symbol(s) that day -- uncorroborated, needs a provider re-fetch before any repair"
units,marketdata_marketcandle[1d_adj],کاما,1404-02-12,210.1,,suspect,"factor 0.0671675 vs local median 0.671731 (exactly 0.1x); adj=210.1 vs its own local median 1955.5 => adj is 10x LOW; corrected value would be 2101; only 1 symbol(s) that day -- uncorroborated, needs a provider re-fetch before any repair"
units,marketdata_marketcandle[1d_adj],کاما,1404-02-25,199.6,,suspect,"factor 0.0671828 vs local median 0.67171 (exactly 0.1x); adj=199.6 vs its own local median 1984.5 => adj is 10x LOW; corrected value would be 1996; only 1 symbol(s) that day -- uncorroborated, needs a provider re-fetch before any repair"
units,marketdata_marketcandle[1d_adj],کاما,1404-02-26,199.6,,suspect,"factor 0.0671828 vs local median 0.671706 (exactly 0.1x); adj=199.6 vs its own local median 1984.5 => adj is 10x LOW; corrected value would be 1996; only 1 symbol(s) that day -- uncorroborated, needs a provider re-fetch before any repair"
units,marketdata_marketcandle[1d_adj],کاما,1404-03-08,201.7,,suspect,"factor 0.0671662 vs local median 0.671703 (exactly 0.1x); adj=201.7 vs its own local median 1951 => adj is 10x LOW; corrected value would be 2017; only 1 symbol(s) that day -- uncorroborated, needs a provider re-fetch before any repair"
units,marketdata_marketcandle[1d_adj],کاما,1404-03-09,201.7,,suspect,"factor 0.0671662 vs local median 0.671689 (exactly 0.1x); adj=201.7 vs its own local median 1922 => adj is 10x LOW; corrected value would be 2017; only 1 symbol(s) that day -- uncorroborated, needs a provider re-fetch before any repair"
units,marketdata_marketcandle[1d_adj],کاما,1404-03-14,195.4,,suspect,"factor 0.0671708 vs local median 0.671629 (exactly 0.1x); adj=195.4 vs its own local median 1784.5 => adj is 10x LOW; corrected value would be 1954; only 1 symbol(s) that day -- uncorroborated, needs a provider re-fetch before any repair"
units,marketdata_marketcandle[1d_adj],کاما,1404-03-17,1896.0,,suspect,"factor 0.671626 vs local median 0.0671964 (exactly 10x); adj=1896 vs its own local median 200.65 => adj is 10x HIGH; corrected value would be 189.6; only 1 symbol(s) that day -- uncorroborated, needs a provider re-fetch before any repair"
units,marketdata_marketcandle[1d_adj],کاما,1404-03-18,1854.0,,suspect,"factor 0.671739 vs local median 0.0671964 (exactly 10x); adj=1854 vs its own local median 201.7 => adj is 10x HIGH; corrected value would be 185.4; only 1 symbol(s) that day -- uncorroborated, needs a provider re-fetch before any repair"
units,marketdata_marketcandle[1d_adj],کاما,1404-03-19,1793.0,,suspect,"factor 0.671787 vs local median 0.0671964 (exactly 10x); adj=1793 vs its own local median 201.7 => adj is 10x HIGH; corrected value would be 179.3; only 1 symbol(s) that day -- uncorroborated, needs a provider re-fetch before any repair"
units,marketdata_marketcandle[1d_adj],کاما,1404-03-20,1817.0,,suspect,"factor 0.671967 vs local median 0.0671964 (exactly 10x); adj=1817 vs its own local median 201.7 => adj is 10x HIGH; corrected value would be 181.7; only 1 symbol(s) that day -- uncorroborated, needs a provider re-fetch before any repair"
units,marketdata_marketcandle[1d_adj],کاما,1404-03-21,1776.0,,suspect,"factor 0.671964 vs local median 0.0671964 (exactly 10x); adj=1776 vs its own local median 201.7 => adj is 10x HIGH; corrected value would be 177.6; only 1 symbol(s) that day -- uncorroborated, needs a provider re-fetch before any repair"
units,marketdata_marketcandle[1d_adj],کاما,1404-04-23,1656.0,,suspect,"factor 0.75513 vs local median 0.0754882 (exactly 10x); adj=1656 vs its own local median 177.6 => adj is 10x HIGH; corrected value would be 165.6; only 1 symbol(s) that day -- uncorroborated, needs a provider re-fetch before any repair"
units,marketdata_marketcandle[1d_adj],کاما,1404-04-24,1614.0,,suspect,"factor 0.754911 vs local median 0.0754882 (exactly 10x); adj=1614 vs its own local median 177.6 => adj is 10x HIGH; corrected value would be 161.4; only 1 symbol(s) that day -- uncorroborated, needs a provider re-fetch before any repair"
units,marketdata_marketcandle[1d_adj],کاما,1404-04-25,1646.0,,suspect,"factor 0.755046 vs local median 0.0754882 (exactly 10x); adj=1646 vs its own local median 177.6 => adj is 10x HIGH; corrected value would be 164.6; only 1 symbol(s) that day -- uncorroborated, needs a provider re-fetch before any repair"
units,marketdata_marketcandle[1d_adj],کاما,1404-04-28,1647.0,,suspect,"factor 0.754812 vs local median 0.0754882 (exactly 10x); adj=1647 vs its own local median 177.6 => adj is 10x HIGH; corrected value would be 164.7; only 1 symbol(s) that day -- uncorroborated, needs a provider re-fetch before any repair"
units,marketdata_marketcandle[1d_adj],کاما,1404-04-29,1601.0,,suspect,"factor 0.755189 vs local median 0.0754921 (exactly 10x); adj=1601 vs its own local median 177.6 => adj is 10x HIGH; corrected value would be 160.1; only 1 symbol(s) that day -- uncorroborated, needs a provider re-fetch before any repair"
units,marketdata_marketcandle[1d_adj],کاما,1404-04-30,1629.0,,suspect,"factor 0.755216 vs local median 0.075496 (exactly 10x); adj=1629 vs its own local median 177.6 => adj is 10x HIGH; corrected value would be 162.9; only 1 symbol(s) that day -- uncorroborated, needs a provider re-fetch before any repair"
units,marketdata_marketcandle[1d_adj],کاما,1404-05-08,146.9,,suspect,"factor 0.0754882 vs local median 0.754848 (exactly 0.1x); adj=146.9 vs its own local median 1359.5 => adj is 10x LOW; corrected value would be 1469; only 1 symbol(s) that day -- uncorroborated, needs a provider re-fetch before any repair"
units,marketdata_marketcandle[1d_adj],کاما,1404-05-09,146.9,,suspect,"factor 0.0754882 vs local median 0.754848 (exactly 0.1x); adj=146.9 vs its own local median 1359.5 => adj is 10x LOW; corrected value would be 1469; only 1 symbol(s) that day -- uncorroborated, needs a provider re-fetch before any repair"
units,marketdata_marketcandle[1d_adj],کاما,1404-05-10,146.9,,suspect,"factor 0.0754882 vs local median 0.754848 (exactly 0.1x); adj=146.9 vs its own local median 1359.5 => adj is 10x LOW; corrected value would be 1469; only 1 symbol(s) that day -- uncorroborated, needs a provider re-fetch before any repair"
units,marketdata_marketcandle[1d_adj],کاما,1404-05-11,146.9,,suspect,"factor 0.0754882 vs local median 0.754866 (exactly 0.1x); adj=146.9 vs its own local median 1359.5 => adj is 10x LOW; corrected value would be 1469; only 1 symbol(s) that day -- uncorroborated, needs a provider re-fetch before any repair"
units,marketdata_marketcandle[1d_adj],کاما,1404-05-16,140.8,,suspect,"factor 0.075496 vs local median 0.754896 (exactly 0.1x); adj=140.8 vs its own local median 1319 => adj is 10x LOW; corrected value would be 1408; only 1 symbol(s) that day -- uncorroborated, needs a provider re-fetch before any repair"
units,marketdata_marketcandle[1d_adj],کاما,1404-05-17,140.8,,suspect,"factor 0.075496 vs local median 0.754877 (exactly 0.1x); adj=140.8 vs its own local median 1316 => adj is 10x LOW; corrected value would be 1408; only 1 symbol(s) that day -- uncorroborated, needs a provider re-fetch before any repair"
units,marketdata_marketcandle[1d_adj],کاما,1404-05-23,130.2,,suspect,"factor 0.075522 vs local median 0.754865 (exactly 0.1x); adj=130.2 vs its own local median 1291.5 => adj is 10x LOW; corrected value would be 1302; only 1 symbol(s) that day -- uncorroborated, needs a provider re-fetch before any repair"
units,marketdata_marketcandle[1d_adj],کاما,1404-05-24,130.2,,suspect,"factor 0.075522 vs local median 0.754865 (exactly 0.1x); adj=130.2 vs its own local median 1291.5 => adj is 10x LOW; corrected value would be 1302; only 1 symbol(s) that day -- uncorroborated, needs a provider re-fetch before any repair"
units,marketdata_marketcandle[1d_adj],کاما,1404-05-30,133.9,,suspect,"factor 0.0755217 vs local median 0.75487 (exactly 0.1x); adj=133.9 vs its own local median 1291.5 => adj is 10x LOW; corrected value would be 1339; only 1 symbol(s) that day -- uncorroborated, needs a provider re-fetch before any repair"
units,marketdata_marketcandle[1d_adj],کاما,1404-05-31,133.9,,suspect,"factor 0.0755217 vs local median 0.75487 (exactly 0.1x); adj=133.9 vs its own local median 1291.5 => adj is 10x LOW; corrected value would be 1339; only 1 symbol(s) that day -- uncorroborated, needs a provider re-fetch before any repair"
units,marketdata_marketcandle[1d_adj],کاما,1404-06-02,130.8,,suspect,"factor 0.0755196 vs local median 0.754895 (exactly 0.1x); adj=130.8 vs its own local median 1305 => adj is 10x LOW; corrected value would be 1308; only 1 symbol(s) that day -- uncorroborated, needs a provider re-fetch before any repair"
units,marketdata_marketcandle[1d_adj],کاما,1404-06-06,126.3,,suspect,"factor 0.0754931 vs local median 0.754919 (exactly 0.1x); adj=126.3 vs its own local median 1308 => adj is 10x LOW; corrected value would be 1263; only 1 symbol(s) that day -- uncorroborated, needs a provider re-fetch before any repair"
units,marketdata_marketcandle[1d_adj],کاما,1404-06-07,126.3,,suspect,"factor 0.0754931 vs local median 0.754919 (exactly 0.1x); adj=126.3 vs its own local median 1308 => adj is 10x LOW; corrected value would be 1263; only 1 symbol(s) that day -- uncorroborated, needs a provider re-fetch before any repair"
units,marketdata_marketcandle[1d_adj],کاما,1404-06-10,128.1,,suspect,"factor 0.0754862 vs local median 0.754909 (exactly 0.1x); adj=128.1 vs its own local median 1305 => adj is 10x LOW; corrected value would be 1281; only 1 symbol(s) that day -- uncorroborated, needs a provider re-fetch before any repair"
units,marketdata_marketcandle[1d_adj],کاما,1404-06-13,134.5,,suspect,"factor 0.0755194 vs local median 0.754918 (exactly 0.1x); adj=134.5 vs its own local median 1311 => adj is 10x LOW; corrected value would be 1345; only 1 symbol(s) that day -- uncorroborated, needs a provider re-fetch before any repair"
units,marketdata_marketcandle[1d_adj],کاما,1404-06-14,134.5,,suspect,"factor 0.0755194 vs local median 0.754918 (exactly 0.1x); adj=134.5 vs its own local median 1311 => adj is 10x LOW; corrected value would be 1345; only 1 symbol(s) that day -- uncorroborated, needs a provider re-fetch before any repair"
units,marketdata_marketcandle[1d_adj],کاما,1404-06-19,148.8,,suspect,"factor 0.0754947 vs local median 0.754909 (exactly 0.1x); adj=148.8 vs its own local median 1313 => adj is 10x LOW; corrected value would be 1488; only 1 symbol(s) that day -- uncorroborated, needs a provider re-fetch before any repair"
units,marketdata_marketcandle[1d_adj],کاما,1404-06-20,148.8,,suspect,"factor 0.0754947 vs local median 0.754909 (exactly 0.1x); adj=148.8 vs its own local median 1331.5 => adj is 10x LOW; corrected value would be 1488; only 1 symbol(s) that day -- uncorroborated, needs a provider re-fetch before any repair"
units,marketdata_marketcandle[1d_adj],کاما,1404-06-21,148.8,,suspect,"factor 0.0754947 vs local median 0.754909 (exactly 0.1x); adj=148.8 vs its own local median 1331.5 => adj is 10x LOW; corrected value would be 1488; only 1 symbol(s) that day -- uncorroborated, needs a provider re-fetch before any repair"
units,marketdata_marketcandle[1d_adj],کاما,1404-06-27,146.3,,suspect,"factor 0.0754902 vs local median 0.754909 (exactly 0.1x); adj=146.3 vs its own local median 1408 => adj is 10x LOW; corrected value would be 1463; only 1 symbol(s) that day -- uncorroborated, needs a provider re-fetch before any repair"
units,marketdata_marketcandle[1d_adj],کاما,1404-06-28,146.3,,suspect,"factor 0.0754902 vs local median 0.754909 (exactly 0.1x); adj=146.3 vs its own local median 1408 => adj is 10x LOW; corrected value would be 1463; only 1 symbol(s) that day -- uncorroborated, needs a provider re-fetch before any repair"
units,marketdata_marketcandle[1d_adj],کاما,1404-07-03,140.4,,suspect,"factor 0.0755245 vs local median 0.754942 (exactly 0.1x); adj=140.4 vs its own local median 1447 => adj is 10x LOW; corrected value would be 1404; only 1 symbol(s) that day -- uncorroborated, needs a provider re-fetch before any repair"
units,marketdata_marketcandle[1d_adj],کاما,1404-07-04,140.4,,suspect,"factor 0.0755245 vs local median 0.754942 (exactly 0.1x); adj=140.4 vs its own local median 1447 => adj is 10x LOW; corrected value would be 1404; only 1 symbol(s) that day -- uncorroborated, needs a provider re-fetch before any repair"
units,marketdata_marketcandle[1d_adj],کاما,1404-07-10,150.9,,suspect,"factor 0.0754877 vs local median 0.754921 (exactly 0.1x); adj=150.9 vs its own local median 1491.5 => adj is 10x LOW; corrected value would be 1509; only 1 symbol(s) that day -- uncorroborated, needs a provider re-fetch before any repair"
units,marketdata_marketcandle[1d_adj],کاما,1404-07-11,150.9,,suspect,"factor 0.0754877 vs local median 0.754921 (exactly 0.1x); adj=150.9 vs its own local median 1491.5 => adj is 10x LOW; corrected value would be 1509; only 1 symbol(s) that day -- uncorroborated, needs a provider re-fetch before any repair"
units,marketdata_marketcandle[1d_adj],کاما,1404-07-16,168.2,,suspect,"factor 0.0754937 vs local median 0.754912 (exactly 0.1x); adj=168.2 vs its own local median 1491.5 => adj is 10x LOW; corrected value would be 1682; only 1 symbol(s) that day -- uncorroborated, needs a provider re-fetch before any repair"
units,marketdata_marketcandle[1d_adj],کاما,1404-07-17,168.2,,suspect,"factor 0.0754937 vs local median 0.754932 (exactly 0.1x); adj=168.2 vs its own local median 1507 => adj is 10x LOW; corrected value would be 1682; only 1 symbol(s) that day -- uncorroborated, needs a provider re-fetch before any repair"
units,marketdata_marketcandle[1d_adj],کاما,1404-07-18,168.2,,suspect,"factor 0.0754937 vs local median 0.754932 (exactly 0.1x); adj=168.2 vs its own local median 1507 => adj is 10x LOW; corrected value would be 1682; only 1 symbol(s) that day -- uncorroborated, needs a provider re-fetch before any repair"
units,marketdata_marketcandle[1d_adj],کاما,1404-07-19,168.2,,suspect,"factor 0.0754937 vs local median 0.754932 (exactly 0.1x); adj=168.2 vs its own local median 1507 => adj is 10x LOW; corrected value would be 1682; only 1 symbol(s) that day -- uncorroborated, needs a provider re-fetch before any repair"
units,marketdata_marketcandle[1d_adj],کاما,1404-07-24,184.4,,suspect,"factor 0.0755119 vs local median 0.754941 (exactly 0.1x); adj=184.4 vs its own local median 1652.5 => adj is 10x LOW; corrected value would be 1844; only 1 symbol(s) that day -- uncorroborated, needs a provider re-fetch before any repair"
units,marketdata_marketcandle[1d_adj],کاما,1404-07-25,184.4,,suspect,"factor 0.0755119 vs local median 0.754941 (exactly 0.1x); adj=184.4 vs its own local median 1652.5 => adj is 10x LOW; corrected value would be 1844; only 1 symbol(s) that day -- uncorroborated, needs a provider re-fetch before any repair"
units,marketdata_marketcandle[1d_adj],کاما,1404-08-01,181.1,,suspect,"factor 0.0754898 vs local median 0.754976 (exactly 0.1x); adj=181.1 vs its own local median 1787 => adj is 10x LOW; corrected value would be 1811; only 1 symbol(s) that day -- uncorroborated, needs a provider re-fetch before any repair"
units,marketdata_marketcandle[1d_adj],کاما,1404-08-02,181.1,,suspect,"factor 0.0754898 vs local median 0.755021 (exactly 0.1x); adj=181.1 vs its own local median 1793.5 => adj is 10x LOW; corrected value would be 1811; only 1 symbol(s) that day -- uncorroborated, needs a provider re-fetch before any repair"
units,marketdata_marketcandle[1d_adj],کاما,1404-08-08,192.4,,suspect,"factor 0.0755102 vs local median 0.755021 (exactly 0.1x); adj=192.4 vs its own local median 1817 => adj is 10x LOW; corrected value would be 1924; only 1 symbol(s) that day -- uncorroborated, needs a provider re-fetch before any repair"
units,marketdata_marketcandle[1d_adj],کاما,1404-08-09,192.4,,suspect,"factor 0.0755102 vs local median 0.755051 (exactly 0.1x); adj=192.4 vs its own local median 1824 => adj is 10x LOW; corrected value would be 1924; only 1 symbol(s) that day -- uncorroborated, needs a provider re-fetch before any repair"
units,marketdata_marketcandle[1d_adj],کاما,1404-08-15,197.6,,suspect,"factor 0.0755063 vs local median 0.75503 (exactly 0.1x); adj=197.6 vs its own local median 1833 => adj is 10x LOW; corrected value would be 1976; only 1 symbol(s) that day -- uncorroborated, needs a provider re-fetch before any repair"
units,marketdata_marketcandle[1d_adj],کاما,1404-08-16,197.6,,suspect,"factor 0.0755063 vs local median 0.755061 (exactly 0.1x); adj=197.6 vs its own local median 1833 => adj is 10x LOW; corrected value would be 1976; only 1 symbol(s) that day -- uncorroborated, needs a provider re-fetch before any repair"
units,marketdata_marketcandle[1d_adj],کاما,1404-08-29,184.8,,suspect,"factor 0.075521 vs local median 0.755008 (exactly 0.1x); adj=184.8 vs its own local median 1856.5 => adj is 10x LOW; corrected value would be 1848; only 1 symbol(s) that day -- uncorroborated, needs a provider re-fetch before any repair"
units,marketdata_marketcandle[1d_adj],کاما,1404-08-30,184.8,,suspect,"factor 0.075521 vs local median 0.754985 (exactly 0.1x); adj=184.8 vs its own local median 1856.5 => adj is 10x LOW; corrected value would be 1848; only 1 symbol(s) that day -- uncorroborated, needs a provider re-fetch before any repair"
units,marketdata_marketcandle[1d_adj],کاما,1404-09-03,187.5,,suspect,"factor 0.0755135 vs local median 0.755008 (exactly 0.1x); adj=187.5 vs its own local median 1866.5 => adj is 10x LOW; corrected value would be 1875; only 1 symbol(s) that day -- uncorroborated, needs a provider re-fetch before any repair"
units,marketdata_marketcandle[1d_adj],کاما,1404-09-06,187.2,,suspect,"factor 0.0755143 vs local median 0.75496 (exactly 0.1x); adj=187.2 vs its own local median 1856.5 => adj is 10x LOW; corrected value would be 1872; only 1 symbol(s) that day -- uncorroborated, needs a provider re-fetch before any repair"
units,marketdata_marketcandle[1d_adj],کاما,1404-09-07,187.2,,suspect,"factor 0.0755143 vs local median 0.75496 (exactly 0.1x); adj=187.2 vs its own local median 1856.5 => adj is 10x LOW; corrected value would be 1872; only 1 symbol(s) that day -- uncorroborated, needs a provider re-fetch before any repair"
units,marketdata_marketcandle[1d_adj],کاما,1404-09-20,220.8,,suspect,"factor 0.0754872 vs local median 0.754935 (exactly 0.1x); adj=220.8 vs its own local median 1949.5 => adj is 10x LOW; corrected value would be 2208; only 1 symbol(s) that day -- uncorroborated, needs a provider re-fetch before any repair"
units,marketdata_marketcandle[1d_adj],کاما,1404-09-21,220.8,,suspect,"factor 0.0754872 vs local median 0.754921 (exactly 0.1x); adj=220.8 vs its own local median 1949.5 => adj is 10x LOW; corrected value would be 2208; only 1 symbol(s) that day -- uncorroborated, needs a provider re-fetch before any repair"
units,marketdata_marketcandle[1d_adj],کاما,1404-09-27,243.6,,suspect,"factor 0.0754881 vs local median 0.754921 (exactly 0.1x); adj=243.6 vs its own local median 2176.5 => adj is 10x LOW; corrected value would be 2436; only 1 symbol(s) that day -- uncorroborated, needs a provider re-fetch before any repair"
units,marketdata_marketcandle[1d_adj],کاما,1404-09-28,243.6,,suspect,"factor 0.0754881 vs local median 0.754921 (exactly 0.1x); adj=243.6 vs its own local median 2240.5 => adj is 10x LOW; corrected value would be 2436; only 1 symbol(s) that day -- uncorroborated, needs a provider re-fetch before any repair"
units,marketdata_marketcandle[1d_adj],کاما,1404-10-04,248.5,,suspect,"factor 0.075509 vs local median 0.754947 (exactly 0.1x); adj=248.5 vs its own local median 2354.5 => adj is 10x LOW; corrected value would be 2485; only 1 symbol(s) that day -- uncorroborated, needs a provider re-fetch before any repair"
units,marketdata_marketcandle[1d_adj],کاما,1404-10-05,248.5,,suspect,"factor 0.075509 vs local median 0.754964 (exactly 0.1x); adj=248.5 vs its own local median 2368 => adj is 10x LOW; corrected value would be 2485; only 1 symbol(s) that day -- uncorroborated, needs a provider re-fetch before any repair"
units,marketdata_marketcandle[1d_adj],کاما,1404-10-11,258.4,,suspect,"factor 0.0755114 vs local median 0.754988 (exactly 0.1x); adj=258.4 vs its own local median 2387.5 => adj is 10x LOW; corrected value would be 2584; only 1 symbol(s) that day -- uncorroborated, needs a provider re-fetch before any repair"
units,marketdata_marketcandle[1d_adj],کاما,1404-10-12,258.4,,suspect,"factor 0.0755114 vs local median 0.754988 (exactly 0.1x); adj=258.4 vs its own local median 2387.5 => adj is 10x LOW; corrected value would be 2584; only 1 symbol(s) that day -- uncorroborated, needs a provider re-fetch before any repair"
units,marketdata_marketcandle[1d_adj],کاما,1404-10-13,258.4,,suspect,"factor 0.0755114 vs local median 0.755006 (exactly 0.1x); adj=258.4 vs its own local median 2387.5 => adj is 10x LOW; corrected value would be 2584; only 1 symbol(s) that day -- uncorroborated, needs a provider re-fetch before any repair"
units,marketdata_marketcandle[1d_adj],کاما,1404-11-02,242.1,,suspect,"factor 0.0754911 vs local median 0.754994 (exactly 0.1x); adj=242.1 vs its own local median 2165 => adj is 10x LOW; corrected value would be 2421; only 1 symbol(s) that day -- uncorroborated, needs a provider re-fetch before any repair"
units,marketdata_marketcandle[1d_adj],کاما,1404-11-03,242.1,,suspect,"factor 0.0754911 vs local median 0.754994 (exactly 0.1x); adj=242.1 vs its own local median 2100.5 => adj is 10x LOW; corrected value would be 2421; only 1 symbol(s) that day -- uncorroborated, needs a provider re-fetch before any repair"
units,marketdata_marketcandle[1d_adj],کاما,1404-11-15,198.5,,suspect,"factor 0.075504 vs local median 0.755043 (exactly 0.1x); adj=198.5 vs its own local median 1990.5 => adj is 10x LOW; corrected value would be 1985; only 1 symbol(s) that day -- uncorroborated, needs a provider re-fetch before any repair"
units,marketdata_marketcandle[1d_adj],کاما,1404-11-16,198.5,,suspect,"factor 0.075504 vs local median 0.755049 (exactly 0.1x); adj=198.5 vs its own local median 1990.5 => adj is 10x LOW; corrected value would be 1985; only 1 symbol(s) that day -- uncorroborated, needs a provider re-fetch before any repair"
units,marketdata_marketcandle[1d_adj],کاما,1404-11-17,198.5,,suspect,"factor 0.075504 vs local median 0.755049 (exactly 0.1x); adj=198.5 vs its own local median 1990.5 => adj is 10x LOW; corrected value would be 1985; only 1 symbol(s) that day -- uncorroborated, needs a provider re-fetch before any repair"
units,marketdata_marketcandle[1d_adj],کاما,1404-11-30,194.5,,suspect,"factor 0.0755047 vs local median 0.75513 (exactly 0.1x); adj=194.5 vs its own local median 2018 => adj is 10x LOW; corrected value would be 1945; only 1 symbol(s) that day -- uncorroborated, needs a provider re-fetch before any repair"
units,marketdata_marketcandle[1d_adj],کاما,1404-12-01,194.5,,suspect,"factor 0.0755047 vs local median 0.755151 (exactly 0.1x); adj=194.5 vs its own local median 2018 => adj is 10x LOW; corrected value would be 1945; only 1 symbol(s) that day -- uncorroborated, needs a provider re-fetch before any repair"
units,marketdata_marketcandle[1d_unadj],کاما,1383-01-08,7668.0,,corporate_action,factor 0.000109544 -> 0.0010433 and stays there (permanent rebase) -- legitimate
units,marketdata_marketcandle[1d_unadj],کاما,1383-01-22,11890.0,,corporate_action,factor 0.00010597 -> 0.00109336 and stays there (permanent rebase) -- legitimate
units,marketdata_marketcandle[1d_unadj],کاما,1383-01-29,10858.0,,corporate_action,factor 0.000105522 -> 0.00110518 and stays there (permanent rebase) -- legitimate
units,marketdata_marketcandle[1d_unadj],کاما,1383-02-02,10312.0,,corporate_action,factor 0.00010663 -> 0.00106672 and stays there (permanent rebase) -- legitimate
units,marketdata_marketcandle[1d_unadj],کاما,1383-02-05,9809.0,,corporate_action,factor 0.000106672 -> 0.00112142 and stays there (permanent rebase) -- legitimate
units,marketdata_marketcandle[1d_unadj],کاما,1383-02-12,10067.0,,corporate_action,factor 0.0001145 -> 0.00109268 and stays there (permanent rebase) -- legitimate
units,marketdata_marketcandle[1d_unadj],کاما,1383-02-19,10158.0,,corporate_action,factor 0.000113917 -> 0.00108289 and stays there (permanent rebase) -- legitimate
units,marketdata_marketcandle[1d_unadj],کاما,1383-02-22,10115.0,,corporate_action,factor 0.000107611 -> 0.00108749 and stays there (permanent rebase) -- legitimate
units,marketdata_marketcandle[1d_unadj],کاما,1383-02-28,9977.0,,corporate_action,factor 0.000108749 -> 0.00110254 and stays there (permanent rebase) -- legitimate
units,marketdata_marketcandle[1d_unadj],کاما,1383-04-06,11332.0,,corporate_action,factor 0.000106809 -> 0.00105895 and stays there (permanent rebase) -- legitimate
units,marketdata_marketcandle[1d_unadj],کاما,1383-04-13,10207.0,,corporate_action,factor 0.000105394 -> 0.00107769 and stays there (permanent rebase) -- legitimate
units,marketdata_marketcandle[1d_unadj],کاما,1383-04-20,11024.0,,corporate_action,factor 0.000114253 -> 0.00108853 and stays there (permanent rebase) -- legitimate
units,marketdata_marketcandle[1d_unadj],کاما,1383-04-27,12145.0,,corporate_action,factor 0.000108324 -> 0.0010704 and stays there (permanent rebase) -- legitimate
units,marketdata_marketcandle[1d_unadj],کاما,1383-05-03,13889.0,,corporate_action,factor 0.00011252 -> 0.00107999 and stays there (permanent rebase) -- legitimate
units,marketdata_marketcandle[1d_unadj],کاما,1383-05-31,7726.0,,corporate_action,factor 0.000105722 -> 0.00103546 and stays there (permanent rebase) -- legitimate
units,marketdata_marketcandle[1d_unadj],کاما,1383-06-10,8476.0,,corporate_action,factor 0.00010713 -> 0.00106182 and stays there (permanent rebase) -- legitimate
units,marketdata_marketcandle[1d_unadj],کاما,1383-06-14,8455.0,,corporate_action,factor 0.000106182 -> 0.00106446 and stays there (permanent rebase) -- legitimate
units,marketdata_marketcandle[1d_unadj],کاما,1383-06-16,8454.0,,corporate_action,factor 0.000106446 -> 0.00106458 and stays there (permanent rebase) -- legitimate
units,marketdata_marketcandle[1d_unadj],کاما,1383-06-24,7942.0,,corporate_action,factor 0.000113322 -> 0.00113322 and stays there (permanent rebase) -- legitimate
units,marketdata_marketcandle[1d_unadj],کاما,1383-06-28,7936.0,,corporate_action,factor 0.000113322 -> 0.00113407 and stays there (permanent rebase) -- legitimate
units,marketdata_marketcandle[1d_unadj],کاما,1383-07-02,7928.0,,corporate_action,factor 0.00113522 -> 0.000113522 and stays there (permanent rebase) -- legitimate
units,marketdata_marketcandle[1d_unadj],کاما,1383-07-04,7888.0,,corporate_action,factor 0.000113522 -> 0.00114097 and stays there (permanent rebase) -- legitimate
units,marketdata_marketcandle[1d_unadj],کاما,1383-07-11,7885.0,,corporate_action,factor 0.000114097 -> 0.00114141 and stays there (permanent rebase) -- legitimate
units,marketdata_marketcandle[1d_unadj],کاما,1383-07-19,7419.0,,corporate_action,factor 0.000107411 -> 0.00107831 and stays there (permanent rebase) -- legitimate
units,marketdata_marketcandle[1d_unadj],کاما,1383-07-25,7075.0,,corporate_action,factor 0.000113074 -> 0.00113074 and stays there (permanent rebase) -- legitimate
units,marketdata_marketcandle[1d_unadj],کاما,1383-08-05,6787.0,,corporate_action,factor 0.00103138 -> 0.000103138 and stays there (permanent rebase) -- legitimate
units,marketdata_marketcandle[1d_unadj],کاما,1383-08-18,6762.0,,corporate_action,factor 0.00010352 -> 0.0010352 and stays there (permanent rebase) -- legitimate
units,marketdata_marketcandle[1d_unadj],کاما,1383-08-28,6789.0,,corporate_action,factor 0.00103108 -> 0.000103108 and stays there (permanent rebase) -- legitimate
units,marketdata_marketcandle[1d_unadj],کاما,1383-09-04,6749.0,,corporate_action,factor 0.00103719 -> 0.000103719 and stays there (permanent rebase) -- legitimate
units,marketdata_marketcandle[1d_unadj],کاما,1383-09-08,6751.0,,corporate_action,factor 0.00103688 -> 0.000103688 and stays there (permanent rebase) -- legitimate
units,marketdata_marketcandle[1d_unadj],کاما,1383-09-12,6754.0,,corporate_action,factor 0.00103642 -> 0.000103642 and stays there (permanent rebase) -- legitimate
units,marketdata_marketcandle[1d_unadj],کاما,1383-09-18,6886.0,,corporate_action,factor 0.00116178 -> 0.000116178 and stays there (permanent rebase) -- legitimate
units,marketdata_marketcandle[1d_unadj],کاما,1383-09-26,7653.0,,corporate_action,factor 0.00104534 -> 0.000104534 and stays there (permanent rebase) -- legitimate
units,marketdata_marketcandle[1d_unadj],کاما,1383-09-29,7979.0,,corporate_action,factor 0.00112796 -> 0.000112796 and stays there (permanent rebase) -- legitimate
units,marketdata_marketcandle[1d_unadj],کاما,1383-10-24,8645.0,,corporate_action,factor 0.00104106 -> 0.000104106 and stays there (permanent rebase) -- legitimate
units,marketdata_marketcandle[1d_unadj],کاما,1383-10-29,8567.0,,corporate_action,factor 0.00105054 -> 0.000105054 and stays there (permanent rebase) -- legitimate
units,marketdata_marketcandle[1d_unadj],کاما,1383-11-06,8121.0,,corporate_action,factor 0.00110824 -> 0.000110824 and stays there (permanent rebase) -- legitimate
units,marketdata_marketcandle[1d_unadj],کاما,1383-11-14,8087.0,,corporate_action,factor 0.0011129 -> 0.00011129 and stays there (permanent rebase) -- legitimate
units,marketdata_marketcandle[1d_unadj],کاما,1383-11-19,8087.0,,corporate_action,factor 0.0011129 -> 0.00011129 and stays there (permanent rebase) -- legitimate
units,marketdata_marketcandle[1d_unadj],کاما,1383-11-27,8086.0,,corporate_action,factor 0.00111303 -> 0.000111303 and stays there (permanent rebase) -- legitimate
units,marketdata_marketcandle[1d_unadj],کاما,1383-12-11,7974.0,,corporate_action,factor 0.00112867 -> 0.000112867 and stays there (permanent rebase) -- legitimate
units,marketdata_marketcandle[1d_unadj],کاما,1383-12-13,8015.0,,corporate_action,factor 0.00112289 -> 0.000112289 and stays there (permanent rebase) -- legitimate
units,marketdata_marketcandle[1d_unadj],کاما,1383-12-27,7718.0,,corporate_action,factor 0.00103654 -> 0.000103654 and stays there (permanent rebase) -- legitimate
units,marketdata_marketcandle[1d_unadj],کاما,1384-01-07,7724.0,,corporate_action,factor 0.000103654 -> 0.00103573 and stays there (permanent rebase) -- legitimate
units,marketdata_marketcandle[1d_unadj],کاما,1384-01-14,8395.0,,corporate_action,factor 0.000111732 -> 0.00107207 and stays there (permanent rebase) -- legitimate
units,marketdata_marketcandle[1d_unadj],کاما,1384-01-22,8237.0,,corporate_action,factor 0.000107232 -> 0.00109263 and stays there (permanent rebase) -- legitimate
units,marketdata_marketcandle[1d_unadj],کاما,1384-01-27,8448.0,,corporate_action,factor 0.000109303 -> 0.00106534 and stays there (permanent rebase) -- legitimate
units,marketdata_marketcandle[1d_unadj],کاما,1384-02-03,8002.0,,corporate_action,factor 0.000108525 -> 0.00112472 and stays there (permanent rebase) -- legitimate
units,marketdata_marketcandle[1d_unadj],کاما,1384-02-10,8369.0,,corporate_action,factor 0.000107643 -> 0.0010754 and stays there (permanent rebase) -- legitimate
units,marketdata_marketcandle[1d_unadj],کاما,1384-02-17,8163.0,,corporate_action,factor 0.00010993 -> 0.00110254 and stays there (permanent rebase) -- legitimate
units,marketdata_marketcandle[1d_unadj],کاما,1384-02-19,8155.0,,corporate_action,factor 0.000110254 -> 0.00110362 and stays there (permanent rebase) -- legitimate
units,marketdata_marketcandle[1d_unadj],کاما,1384-02-31,8126.0,,corporate_action,factor 0.000110308 -> 0.00110756 and stays there (permanent rebase) -- legitimate
units,marketdata_marketcandle[1d_unadj],کاما,1384-03-21,9280.0,,corporate_action,factor 0.000114037 -> 0.00107759 and stays there (permanent rebase) -- legitimate
units,marketdata_marketcandle[1d_unadj],کاما,1384-06-12,5512.0,,corporate_action,factor 0.00010543 -> 0.00108853 and stays there (permanent rebase) -- legitimate
units,marketdata_marketcandle[1d_unadj],کاما,1384-06-26,5639.0,,corporate_action,factor 0.000104312 -> 0.00106402 and stays there (permanent rebase) -- legitimate
units,marketdata_marketcandle[1d_unadj],کاما,1384-06-30,5585.0,,corporate_action,factor 0.0001072 -> 0.00107431 and stays there (permanent rebase) -- legitimate
units,marketdata_marketcandle[1d_unadj],کاما,1384-07-02,5578.0,,corporate_action,factor 0.000107431 -> 0.00107565 and stays there (permanent rebase) -- legitimate
units,marketdata_marketcandle[1d_unadj],کاما,1384-07-09,4975.0,,corporate_action,factor 0.000100482 -> 0.00100503 and stays there (permanent rebase) -- legitimate
units,marketdata_marketcandle[1d_unadj],کاما,1384-09-01,5478.0,,corporate_action,factor 0.000101999 -> 0.00109529 and stays there (permanent rebase) -- legitimate
units,marketdata_marketcandle[1d_unadj],کاما,1384-09-16,6914.0,,corporate_action,factor 0.00115707 -> 0.000115707 and stays there (permanent rebase) -- legitimate
units,marketdata_marketcandle[1d_unadj],کاما,1384-09-24,7177.0,,corporate_action,factor 0.00111467 -> 0.000111467 and stays there (permanent rebase) -- legitimate
units,marketdata_marketcandle[1d_unadj],کاما,1384-10-01,7051.0,,corporate_action,factor 0.00113459 -> 0.000113459 and stays there (permanent rebase) -- legitimate
units,marketdata_marketcandle[1d_unadj],کاما,1384-10-08,7907.0,,corporate_action,factor 0.00113823 -> 0.000113823 and stays there (permanent rebase) -- legitimate
units,marketdata_marketcandle[1d_unadj],کاما,1384-10-24,8015.0,,corporate_action,factor 0.000113823 -> 0.00112289 and stays there (permanent rebase) -- legitimate
units,marketdata_marketcandle[1d_unadj],کاما,1384-11-01,10017.0,,corporate_action,factor 0.000114559 -> 0.00109813 and stays there (permanent rebase) -- legitimate
units,marketdata_marketcandle[1d_unadj],کاما,1384-11-08,10043.0,,corporate_action,factor 0.000114667 -> 0.00109529 and stays there (permanent rebase) -- legitimate
units,marketdata_marketcandle[1d_unadj],کاما,1384-11-15,9666.0,,corporate_action,factor 0.000109737 -> 0.00113801 and stays there (permanent rebase) -- legitimate
units,marketdata_marketcandle[1d_unadj],کاما,1385-05-12,31058.0,,corporate_action,factor 0.00109473 -> 0.000109473 and stays there (permanent rebase) -- legitimate
units,marketdata_marketcandle[1d_unadj],کاما,1385-05-17,32897.0,,corporate_action,factor 0.00109432 -> 0.000109432 and stays there (permanent rebase) -- legitimate
units,marketdata_marketcandle[1d_unadj],کاما,1385-05-19,33552.0,,corporate_action,factor 0.00110277 -> 0.000110277 and stays there (permanent rebase) -- legitimate
units,marketdata_marketcandle[1d_unadj],کاما,1385-05-31,38151.0,,corporate_action,factor 0.00110089 -> 0.000110089 and stays there (permanent rebase) -- legitimate
units,marketdata_marketcandle[1d_unadj],کاما,1385-06-02,38914.0,,corporate_action,factor 0.001105 -> 0.0001105 and stays there (permanent rebase) -- legitimate
units,marketdata_marketcandle[1d_unadj],کاما,1385-06-09,40097.0,,corporate_action,factor 0.00109734 -> 0.000109734 and stays there (permanent rebase) -- legitimate
units,marketdata_marketcandle[1d_unadj],کاما,1385-07-19,45151.0,,corporate_action,factor 0.000109734 -> 0.0011074 and stays there (permanent rebase) -- legitimate
units,marketdata_marketcandle[1d_unadj],کاما,1385-07-24,43885.0,,corporate_action,factor 0.000110737 -> 0.00109377 and stays there (permanent rebase) -- legitimate
units,marketdata_marketcandle[1d_unadj],کاما,1385-07-29,45181.0,,corporate_action,factor 0.000110619 -> 0.00110666 and stays there (permanent rebase) -- legitimate
units,marketdata_marketcandle[1d_unadj],کاما,1385-08-13,47197.0,,corporate_action,factor 0.000110218 -> 0.00110176 and stays there (permanent rebase) -- legitimate
units,marketdata_marketcandle[1d_unadj],کاما,1385-08-20,49686.0,,corporate_action,factor 0.000109285 -> 0.00110695 and stays there (permanent rebase) -- legitimate
units,marketdata_marketcandle[1d_unadj],کاما,1385-08-27,52040.0,,corporate_action,factor 0.000109548 -> 0.00109531 and stays there (permanent rebase) -- legitimate
units,marketdata_marketcandle[1d_unadj],کاما,1385-09-18,64408.0,,corporate_action,factor 0.000109271 -> 0.00110235 and stays there (permanent rebase) -- legitimate
units,marketdata_marketcandle[1d_unadj],کاما,1385-09-23,69715.0,,corporate_action,factor 0.0011045 -> 0.00011045 and stays there (permanent rebase) -- legitimate
units,marketdata_marketcandle[1d_unadj],کاما,1385-10-07,76438.0,,corporate_action,factor 0.00109893 -> 0.000109893 and stays there (permanent rebase) -- legitimate
units,marketdata_marketcandle[1d_unadj],کاما,1385-10-10,75444.0,,corporate_action,factor 0.00110015 -> 0.000110015 and stays there (permanent rebase) -- legitimate
units,marketdata_marketcandle[1d_unadj],کاما,1385-10-14,74187.0,,corporate_action,factor 0.00110531 -> 0.000110531 and stays there (permanent rebase) -- legitimate
units,marketdata_marketcandle[1d_unadj],کاما,1385-10-17,74055.0,,corporate_action,factor 0.00109378 -> 0.000109378 and stays there (permanent rebase) -- legitimate
units,marketdata_marketcandle[1d_unadj],کاما,1385-10-20,73707.0,,corporate_action,factor 0.00109895 -> 0.000109895 and stays there (permanent rebase) -- legitimate
units,marketdata_marketcandle[1d_unadj],کاما,1385-10-24,73707.0,,corporate_action,factor 0.00109895 -> 0.000109895 and stays there (permanent rebase) -- legitimate
units,marketdata_marketcandle[1d_unadj],کاما,1385-10-28,73707.0,,corporate_action,factor 0.00109895 -> 0.000109895 and stays there (permanent rebase) -- legitimate
units,marketdata_marketcandle[1d_unadj],کاما,1385-11-02,70871.0,,corporate_action,factor 0.00110059 -> 0.000110059 and stays there (permanent rebase) -- legitimate
units,marketdata_marketcandle[1d_unadj],کاما,1385-11-12,70871.0,,corporate_action,factor 0.00110059 -> 0.000110059 and stays there (permanent rebase) -- legitimate
units,marketdata_marketcandle[1d_unadj],کاما,1385-11-16,70871.0,,corporate_action,factor 0.00110059 -> 0.000110059 and stays there (permanent rebase) -- legitimate
units,marketdata_marketcandle[1d_unadj],کاما,1385-11-24,70871.0,,corporate_action,factor 0.00110059 -> 0.000110059 and stays there (permanent rebase) -- legitimate
units,marketdata_marketcandle[1d_unadj],کاما,1386-02-16,44039.0,,corporate_action,factor 0.000110059 -> 0.00108994 and stays there (permanent rebase) -- legitimate
units,marketdata_marketcandle[1d_unadj],کاما,1386-02-22,42772.0,,corporate_action,factor 0.000110016 -> 0.00109885 and stays there (permanent rebase) -- legitimate
units,marketdata_marketcandle[1d_unadj],کاما,1386-02-29,44576.0,,corporate_action,factor 0.000109654 -> 0.00109925 and stays there (permanent rebase) -- legitimate
units,marketdata_marketcandle[1d_unadj],کاما,1386-03-05,42693.0,,corporate_action,factor 0.00011099 -> 0.00110088 and stays there (permanent rebase) -- legitimate
units,marketdata_marketcandle[1d_unadj],کاما,1386-03-09,42960.0,,corporate_action,factor 0.00010892 -> 0.00109404 and stays there (permanent rebase) -- legitimate
units,marketdata_marketcandle[1d_unadj],کاما,1386-03-16,44536.0,,corporate_action,factor 0.000109703 -> 0.00110023 and stays there (permanent rebase) -- legitimate
units,marketdata_marketcandle[1d_unadj],کاما,1386-03-19,43825.0,,corporate_action,factor 0.000110023 -> 0.00109527 and stays there (permanent rebase) -- legitimate
units,marketdata_marketcandle[1d_unadj],کاما,1386-03-26,45918.0,,corporate_action,factor 0.000109271 -> 0.0010889 and stays there (permanent rebase) -- legitimate
units,marketdata_marketcandle[1d_unadj],کاما,1386-04-14,42885.0,,corporate_action,factor 0.00109595 -> 0.000109595 and stays there (permanent rebase) -- legitimate
units,marketdata_marketcandle[1d_unadj],کاما,1386-04-18,42768.0,,corporate_action,factor 0.00109895 -> 0.000109895 and stays there (permanent rebase) -- legitimate
units,marketdata_marketcandle[1d_unadj],کاما,1386-04-28,34641.0,,corporate_action,factor 0.00109697 -> 0.000109697 and stays there (permanent rebase) -- legitimate
units,marketdata_marketcandle[1d_unadj],کاما,1386-05-04,38216.0,,corporate_action,factor 0.00109902 -> 0.000109902 and stays there (permanent rebase) -- legitimate
units,marketdata_marketcandle[1d_unadj],کاما,1386-05-11,41215.0,,corporate_action,factor 0.00109184 -> 0.000109184 and stays there (permanent rebase) -- legitimate
units,marketdata_marketcandle[1d_unadj],کاما,1386-05-16,43711.0,,corporate_action,factor 0.00109812 -> 0.000109812 and stays there (permanent rebase) -- legitimate
units,marketdata_marketcandle[1d_unadj],کاما,1386-06-05,29322.0,,corporate_action,factor 0.000109812 -> 0.00109133 and stays there (permanent rebase) -- legitimate
units,marketdata_marketcandle[1d_unadj],کاما,1386-06-17,32261.0,,corporate_action,factor 0.000108369 -> 0.0010849 and stays there (permanent rebase) -- legitimate
units,marketdata_marketcandle[1d_unadj],کاما,1386-06-24,32230.0,,corporate_action,factor 0.000108564 -> 0.00108594 and stays there (permanent rebase) -- legitimate
units,marketdata_marketcandle[1d_unadj],کاما,1386-06-28,32192.0,,corporate_action,factor 0.000108723 -> 0.00108723 and stays there (permanent rebase) -- legitimate
units,marketdata_marketcandle[1d_unadj],کاما,1386-06-31,32178.0,,corporate_action,factor 0.000108723 -> 0.0010877 and stays there (permanent rebase) -- legitimate
units,marketdata_marketcandle[1d_unadj],کاما,1386-07-07,31528.0,,corporate_action,factor 0.000110858 -> 0.00111012 and stays there (permanent rebase) -- legitimate
units,marketdata_marketcandle[1d_unadj],کاما,1386-07-14,31464.0,,corporate_action,factor 0.000111097 -> 0.00111238 and stays there (permanent rebase) -- legitimate
units,marketdata_marketcandle[1d_unadj],کاما,1386-07-22,30633.0,,corporate_action,factor 0.000110236 -> 0.00110991 and stays there (permanent rebase) -- legitimate
units,marketdata_marketcandle[1d_unadj],کاما,1386-07-28,29994.0,,corporate_action,factor 0.000110004 -> 0.00110022 and stays there (permanent rebase) -- legitimate
units,marketdata_marketcandle[1d_unadj],کاما,1386-08-05,28813.0,,corporate_action,factor 0.000109645 -> 0.00111061 and stays there (permanent rebase) -- legitimate
units,marketdata_marketcandle[1d_unadj],کاما,1386-08-12,26578.0,,corporate_action,factor 0.000110619 -> 0.00109113 and stays there (permanent rebase) -- legitimate
units,marketdata_marketcandle[1d_unadj],کاما,1386-08-16,25017.0,,corporate_action,factor 0.000109688 -> 0.00107927 and stays there (permanent rebase) -- legitimate
units,marketdata_marketcandle[1d_unadj],کاما,1386-08-29,24058.0,,corporate_action,factor 0.00108072 -> 0.000108072 and stays there (permanent rebase) -- legitimate
units,marketdata_marketcandle[1d_unadj],کاما,1386-09-01,23969.0,,corporate_action,factor 0.00108473 -> 0.000108473 and stays there (permanent rebase) -- legitimate
units,marketdata_marketcandle[1d_unadj],کاما,1386-09-08,23477.0,,corporate_action,factor 0.00110747 -> 0.000110747 and stays there (permanent rebase) -- legitimate
units,marketdata_marketcandle[1d_unadj],کاما,1386-09-14,23414.0,,corporate_action,factor 0.00111045 -> 0.000111045 and stays there (permanent rebase) -- legitimate
units,marketdata_marketcandle[1d_unadj],کاما,1386-09-22,22863.0,,corporate_action,factor 0.00109347 -> 0.000109347 and stays there (permanent rebase) -- legitimate
units,marketdata_marketcandle[1d_unadj],کاما,1386-10-05,22406.0,,corporate_action,factor 0.000109347 -> 0.00111577 and stays there (permanent rebase) -- legitimate
units,marketdata_marketcandle[1d_unadj],کاما,1386-10-09,22406.0,,corporate_action,factor 0.000111577 -> 0.00111577 and stays there (permanent rebase) -- legitimate
units,marketdata_marketcandle[1d_unadj],کاما,1386-10-11,22406.0,,corporate_action,factor 0.000111577 -> 0.00111577 and stays there (permanent rebase) -- legitimate
units,marketdata_marketcandle[1d_unadj],کاما,1386-10-13,22054.0,,corporate_action,factor 0.00108824 -> 0.000108824 and stays there (permanent rebase) -- legitimate
units,marketdata_marketcandle[1d_unadj],کاما,1386-10-16,22054.0,,corporate_action,factor 0.00108824 -> 0.000108824 and stays there (permanent rebase) -- legitimate
units,marketdata_marketcandle[1d_unadj],کاما,1386-10-20,22006.0,,corporate_action,factor 0.00109061 -> 0.000109061 and stays there (permanent rebase) -- legitimate
units,marketdata_marketcandle[1d_unadj],کاما,1386-10-27,23477.0,,corporate_action,factor 0.00110747 -> 0.000110747 and stays there (permanent rebase) -- legitimate
units,marketdata_marketcandle[1d_unadj],کاما,1386-11-06,23455.0,,corporate_action,factor 0.000110851 -> 0.00110851 and stays there (permanent rebase) -- legitimate
units,marketdata_marketcandle[1d_unadj],کاما,1386-11-08,23448.0,,corporate_action,factor 0.000110851 -> 0.00110884 and stays there (permanent rebase) -- legitimate
units,marketdata_marketcandle[1d_unadj],کاما,1386-11-10,23440.0,,corporate_action,factor 0.000110884 -> 0.00110922 and stays there (permanent rebase) -- legitimate
units,marketdata_marketcandle[1d_unadj],کاما,1386-11-18,21582.0,,corporate_action,factor 0.00111204 -> 0.000111204 and stays there (permanent rebase) -- legitimate
units,marketdata_marketcandle[1d_unadj],کاما,1386-11-22,21582.0,,corporate_action,factor 0.00111204 -> 0.000111204 and stays there (permanent rebase) -- legitimate
units,marketdata_marketcandle[1d_unadj],کاما,1386-11-28,21581.0,,corporate_action,factor 0.00111209 -> 0.000111209 and stays there (permanent rebase) -- legitimate
units,marketdata_marketcandle[1d_unadj],کاما,1386-12-23,17056.0,,corporate_action,factor 0.00111398 -> 0.000111398 and stays there (permanent rebase) -- legitimate
units,marketdata_marketcandle[1d_unadj],کاما,1386-12-26,16964.0,,corporate_action,factor 0.00112002 -> 0.000112002 and stays there (permanent rebase) -- legitimate
units,marketdata_marketcandle[1d_unadj],کاما,1386-12-29,16639.0,,corporate_action,factor 0.0010818 -> 0.00010818 and stays there (permanent rebase) -- legitimate
units,marketdata_marketcandle[1d_unadj],کاما,1387-01-18,16337.0,,corporate_action,factor 0.00010818 -> 0.00110179 and stays there (permanent rebase) -- legitimate
units,marketdata_marketcandle[1d_unadj],کاما,1387-01-26,16442.0,,corporate_action,factor 0.00010931 -> 0.00109476 and stays there (permanent rebase) -- legitimate
units,marketdata_marketcandle[1d_unadj],کاما,1387-02-01,16439.0,,corporate_action,factor 0.000109476 -> 0.00109496 and stays there (permanent rebase) -- legitimate
units,marketdata_marketcandle[1d_unadj],کاما,1387-02-03,16436.0,,corporate_action,factor 0.000109496 -> 0.00109516 and stays there (permanent rebase) -- legitimate
units,marketdata_marketcandle[1d_unadj],کاما,1387-02-07,16091.0,,corporate_action,factor 0.000109629 -> 0.00111864 and stays there (permanent rebase) -- legitimate
units,marketdata_marketcandle[1d_unadj],کاما,1387-02-21,15070.0,,corporate_action,factor 0.000112777 -> 0.00112807 and stays there (permanent rebase) -- legitimate
units,marketdata_marketcandle[1d_unadj],کاما,1387-02-26,14024.0,,corporate_action,factor 0.00106959 -> 0.000106959 and stays there (permanent rebase) -- legitimate
units,marketdata_marketcandle[1d_unadj],کاما,1387-03-02,13296.0,,corporate_action,factor 0.00112816 -> 0.000112816 and stays there (permanent rebase) -- legitimate
units,marketdata_marketcandle[1d_unadj],کاما,1387-03-09,12493.0,,corporate_action,factor 0.00112063 -> 0.000112063 and stays there (permanent rebase) -- legitimate
units,marketdata_marketcandle[1d_unadj],کاما,1387-03-14,12443.0,,corporate_action,factor 0.00112513 -> 0.000112513 and stays there (permanent rebase) -- legitimate
units,marketdata_marketcandle[1d_unadj],کاما,1387-03-23,12175.0,,corporate_action,factor 0.00106776 -> 0.000106776 and stays there (permanent rebase) -- legitimate
units,marketdata_marketcandle[1d_unadj],کاما,1387-03-28,11562.0,,corporate_action,factor 0.00112437 -> 0.000112437 and stays there (permanent rebase) -- legitimate
units,marketdata_marketcandle[1d_unadj],کاما,1387-05-20,6582.0,,corporate_action,factor 0.000112437 -> 0.00106351 and stays there (permanent rebase) -- legitimate
units,marketdata_marketcandle[1d_unadj],کاما,1387-05-26,6271.0,,corporate_action,factor 0.000111536 -> 0.00111625 and stays there (permanent rebase) -- legitimate
units,marketdata_marketcandle[1d_unadj],کاما,1387-05-28,6269.0,,corporate_action,factor 0.000111625 -> 0.00111661 and stays there (permanent rebase) -- legitimate
units,marketdata_marketcandle[1d_unadj],کاما,1387-05-31,6255.0,,corporate_action,factor 0.0011191 -> 0.00011191 and stays there (permanent rebase) -- legitimate
units,marketdata_marketcandle[1d_unadj],کاما,1387-06-07,6202.0,,corporate_action,factor 0.00112867 -> 0.000112867 and stays there (permanent rebase) -- legitimate
units,marketdata_marketcandle[1d_unadj],کاما,1387-06-11,5836.0,,corporate_action,factor 0.0010281 -> 0.00010281 and stays there (permanent rebase) -- legitimate
units,marketdata_marketcandle[1d_unadj],کاما,1387-07-27,3255.0,,corporate_action,factor 0.000124688 -> 0.00122888 and stays there (permanent rebase) -- legitimate
units,marketdata_marketcandle[1d_unadj],کاما,1387-08-05,3396.0,,corporate_action,factor 0.000121139 -> 0.00117786 and stays there (permanent rebase) -- legitimate
units,marketdata_marketcandle[1d_unadj],کاما,1387-08-11,3193.0,,corporate_action,factor 9.431e-05 -> 0.00125274 and stays there (permanent rebase) -- legitimate
units,marketdata_marketcandle[1d_unadj],کاما,1387-08-15,3226.0,,corporate_action,factor 0.000125156 -> 0.00123993 and stays there (permanent rebase) -- legitimate
units,marketdata_marketcandle[1d_unadj],کاما,1387-08-18,3256.0,,corporate_action,factor 0.000123993 -> 0.0012285 and stays there (permanent rebase) -- legitimate
units,marketdata_marketcandle[1d_unadj],کاما,1387-08-25,3458.0,,corporate_action,factor 0.000115174 -> 0.00115674 and stays there (permanent rebase) -- legitimate
units,marketdata_marketcandle[1d_unadj],کاما,1387-10-21,2795.0,,corporate_action,factor 0.000108186 -> 0.00107335 and stays there (permanent rebase) -- legitimate
units,marketdata_marketcandle[1d_unadj],کاما,1387-10-28,3002.0,,corporate_action,factor 0.000102916 -> 0.000999334 and stays there (permanent rebase) -- legitimate
units,marketdata_marketcandle[1d_unadj],کاما,1387-11-24,2846.0,,corporate_action,factor 0.00105411 -> 0.000105411 and stays there (permanent rebase) -- legitimate
units,marketdata_marketcandle[1d_unadj],کاما,1387-11-28,2823.0,,corporate_action,factor 0.0010627 -> 0.00010627 and stays there (permanent rebase) -- legitimate
units,marketdata_marketcandle[1d_unadj],کاما,1387-12-01,2715.0,,corporate_action,factor 0.00110497 -> 0.000110497 and stays there (permanent rebase) -- legitimate
units,marketdata_marketcandle[1d_unadj],کاما,1387-12-13,1816.0,,corporate_action,factor 0.00110132 -> 0.000110132 and stays there (permanent rebase) -- legitimate
units,marketdata_marketcandle[1d_unadj],کاما,1387-12-20,1817.0,,corporate_action,factor 0.00110072 -> 0.000110072 and stays there (permanent rebase) -- legitimate
units,marketdata_marketcandle[1d_unadj],کاما,1388-01-20,1985.0,,corporate_action,factor 0.00100756 -> 0.000100756 and stays there (permanent rebase) -- legitimate
units,marketdata_marketcandle[1d_unadj],کاما,1388-01-24,2105.0,,corporate_action,factor 0.000950119 -> 9.50119e-05 and stays there (permanent rebase) -- legitimate
units,marketdata_marketcandle[1d_unadj],کاما,1388-01-26,2137.0,,corporate_action,factor 0.000935891 -> 9.35891e-05 and stays there (permanent rebase) -- legitimate
units,marketdata_marketcandle[1d_unadj],کاما,1388-03-20,5403.0,,corporate_action,factor 0.00111049 -> 0.000111049 and stays there (permanent rebase) -- legitimate
units,marketdata_marketcandle[1d_unadj],کاما,1388-04-27,6260.0,,corporate_action,factor 0.000111049 -> 0.00111821 and stays there (permanent rebase) -- legitimate
units,marketdata_marketcandle[1d_unadj],کاما,1388-04-30,6377.0,,corporate_action,factor 0.000113049 -> 0.00109769 and stays there (permanent rebase) -- legitimate
units,marketdata_marketcandle[1d_unadj],کاما,1388-05-03,6765.0,,corporate_action,factor 0.000121803 -> 0.00118256 and stays there (permanent rebase) -- legitimate
units,marketdata_marketcandle[1d_unadj],کاما,1388-05-10,6842.0,,corporate_action,factor 0.00011701 -> 0.00116925 and stays there (permanent rebase) -- legitimate
units,marketdata_marketcandle[1d_unadj],کاما,1388-05-20,7139.0,,corporate_action,factor 0.000112123 -> 0.00112061 and stays there (permanent rebase) -- legitimate
units,marketdata_marketcandle[1d_unadj],کاما,1388-05-24,7236.0,,corporate_action,factor 0.000111966 -> 0.00110558 and stays there (permanent rebase) -- legitimate
units,marketdata_marketcandle[1d_unadj],کاما,1388-05-31,7275.0,,corporate_action,factor 0.000110117 -> 0.00109966 and stays there (permanent rebase) -- legitimate
units,marketdata_marketcandle[1d_unadj],کاما,1388-06-04,7426.0,,corporate_action,factor 0.000109845 -> 0.00121196 and stays there (permanent rebase) -- legitimate
units,marketdata_marketcandle[1d_unadj],کاما,1388-06-07,7463.0,,corporate_action,factor 0.000121196 -> 0.00120595 and stays there (permanent rebase) -- legitimate
units,marketdata_marketcandle[1d_unadj],کاما,1388-06-14,8062.0,,corporate_action,factor 0.000112303 -> 0.00111635 and stays there (permanent rebase) -- legitimate
units,marketdata_marketcandle[1d_unadj],کاما,1388-06-22,8221.0,,corporate_action,factor 0.000109529 -> 0.00109476 and stays there (permanent rebase) -- legitimate
units,marketdata_marketcandle[1d_unadj],کاما,1388-06-28,8340.0,,corporate_action,factor 0.000109436 -> 0.00119904 and stays there (permanent rebase) -- legitimate
units,marketdata_marketcandle[1d_unadj],کاما,1388-06-30,8367.0,,corporate_action,factor 0.000119904 -> 0.00119517 and stays there (permanent rebase) -- legitimate
units,marketdata_marketcandle[1d_unadj],کاما,1388-07-27,9088.0,,corporate_action,factor 0.000110254 -> 0.00110035 and stays there (permanent rebase) -- legitimate
units,marketdata_marketcandle[1d_unadj],کاما,1388-08-02,9218.0,,corporate_action,factor 0.000120693 -> 0.00119332 and stays there (permanent rebase) -- legitimate
units,marketdata_marketcandle[1d_unadj],کاما,1388-08-09,13400.0,,corporate_action,factor 0.000119332 -> 0.0011194 and stays there (permanent rebase) -- legitimate
units,marketdata_marketcandle[1d_unadj],کاما,1388-08-16,14091.0,,corporate_action,factor 0.000116985 -> 0.00113548 and stays there (permanent rebase) -- legitimate
units,marketdata_marketcandle[1d_unadj],کاما,1388-08-23,14720.0,,corporate_action,factor 0.000115922 -> 0.00115489 and stays there (permanent rebase) -- legitimate
units,marketdata_marketcandle[1d_unadj],کاما,1388-08-30,15346.0,,corporate_action,factor 0.000113151 -> 0.00117294 and stays there (permanent rebase) -- legitimate
units,marketdata_marketcandle[1d_unadj],کاما,1388-09-08,14262.0,,corporate_action,factor 0.000115325 -> 0.00112186 and stays there (permanent rebase) -- legitimate
units,marketdata_marketcandle[1d_unadj],کاما,1388-09-14,14266.0,,corporate_action,factor 0.000115908 -> 0.00112155 and stays there (permanent rebase) -- legitimate
units,marketdata_marketcandle[1d_unadj],کاما,1388-09-16,14455.0,,corporate_action,factor 0.000112155 -> 0.00117606 and stays there (permanent rebase) -- legitimate
units,marketdata_marketcandle[1d_unadj],کاما,1388-09-21,13290.0,,corporate_action,factor 0.000116254 -> 0.00112867 and stays there (permanent rebase) -- legitimate
units,marketdata_marketcandle[1d_unadj],کاما,1388-09-28,12292.0,,corporate_action,factor 0.000113296 -> 0.00113895 and stays there (permanent rebase) -- legitimate
units,marketdata_marketcandle[1d_unadj],کاما,1388-10-07,12254.0,,corporate_action,factor 0.000116463 -> 0.00114248 and stays there (permanent rebase) -- legitimate
units,marketdata_marketcandle[1d_unadj],کاما,1388-10-12,12744.0,,corporate_action,factor 0.000118008 -> 0.00117702 and stays there (permanent rebase) -- legitimate
units,marketdata_marketcandle[1d_unadj],کاما,1388-10-19,12991.0,,corporate_action,factor 0.000115482 -> 0.00115465 and stays there (permanent rebase) -- legitimate
units,marketdata_marketcandle[1d_unadj],کاما,1388-10-26,13457.0,,corporate_action,factor 0.000111657 -> 0.00118897 and stays there (permanent rebase) -- legitimate
units,marketdata_marketcandle[1d_unadj],کاما,1388-11-03,13599.0,,corporate_action,factor 0.000118247 -> 0.00117656 and stays there (permanent rebase) -- legitimate
units,marketdata_marketcandle[1d_unadj],کاما,1388-11-17,13724.0,,corporate_action,factor 0.000112226 -> 0.00116584 and stays there (permanent rebase) -- legitimate
units,marketdata_marketcandle[1d_unadj],کاما,1388-11-25,14241.0,,corporate_action,factor 0.000116178 -> 0.00112352 and stays there (permanent rebase) -- legitimate
units,marketdata_marketcandle[1d_unadj],کاما,1388-11-27,14737.0,,corporate_action,factor 0.000112352 -> 0.00115356 and stays there (permanent rebase) -- legitimate
units,marketdata_marketcandle[1d_unadj],کاما,1388-12-03,15550.0,,corporate_action,factor 0.000114079 -> 0.00115756 and stays there (permanent rebase) -- legitimate
units,marketdata_marketcandle[1d_unadj],کاما,1388-12-08,14360.0,,corporate_action,factor 0.000116033 -> 0.00118384 and stays there (permanent rebase) -- legitimate
units,marketdata_marketcandle[1d_unadj],کاما,1388-12-15,14500.0,,corporate_action,factor 0.000115733 -> 0.00117241 and stays there (permanent rebase) -- legitimate
units,marketdata_marketcandle[1d_unadj],کاما,1388-12-22,14665.0,,corporate_action,factor 0.000112533 -> 0.00115922 and stays there (permanent rebase) -- legitimate
units,marketdata_marketcandle[1d_unadj],کاما,1389-01-07,14000.0,,corporate_action,factor 0.000111872 -> 0.00114286 and stays there (permanent rebase) -- legitimate
units,marketdata_marketcandle[1d_unadj],کاما,1389-01-14,14770.0,,corporate_action,factor 0.000112178 -> 0.00115098 and stays there (permanent rebase) -- legitimate
units,marketdata_marketcandle[1d_unadj],کاما,1389-01-21,16138.0,,corporate_action,factor 0.000117998 -> 0.00117735 and stays there (permanent rebase) -- legitimate
units,marketdata_marketcandle[1d_unadj],کاما,1389-01-28,15885.0,,corporate_action,factor 0.00011548 -> 0.00113314 and stays there (permanent rebase) -- legitimate
units,marketdata_marketcandle[1d_unadj],کاما,1389-02-28,15322.0,,corporate_action,factor 0.000113372 -> 0.00117478 and stays there (permanent rebase) -- legitimate
units,marketdata_marketcandle[1d_unadj],کاما,1389-03-05,15240.0,,corporate_action,factor 0.000117478 -> 0.0011811 and stays there (permanent rebase) -- legitimate
units,marketdata_marketcandle[1d_unadj],کاما,1389-03-16,13822.0,,corporate_action,factor 0.000115724 -> 0.00115757 and stays there (permanent rebase) -- legitimate
units,marketdata_marketcandle[1d_unadj],کاما,1389-03-26,13300.0,,corporate_action,factor 0.000115825 -> 0.00112782 and stays there (permanent rebase) -- legitimate
units,marketdata_marketcandle[1d_unadj],کاما,1389-04-12,12113.0,,corporate_action,factor 0.000114295 -> 0.00115578 and stays there (permanent rebase) -- legitimate
units,marketdata_marketcandle[1d_unadj],کاما,1389-04-20,13154.0,,corporate_action,factor 0.000115598 -> 0.00114034 and stays there (permanent rebase) -- legitimate
units,marketdata_marketcandle[1d_unadj],کاما,1389-05-02,13949.0,,corporate_action,factor 0.000112672 -> 0.00114704 and stays there (permanent rebase) -- legitimate
units,marketdata_marketcandle[1d_unadj],کاما,1389-05-09,14380.0,,corporate_action,factor 0.000115498 -> 0.0011822 and stays there (permanent rebase) -- legitimate
units,marketdata_marketcandle[1d_unadj],کاما,1389-05-16,14305.0,,corporate_action,factor 0.000117663 -> 0.00111849 and stays there (permanent rebase) -- legitimate
units,marketdata_marketcandle[1d_unadj],کاما,1389-05-23,13024.0,,corporate_action,factor 0.000111599 -> 0.00115172 and stays there (permanent rebase) -- legitimate
units,marketdata_marketcandle[1d_unadj],کاما,1389-05-30,13007.0,,corporate_action,factor 0.000116093 -> 0.00115323 and stays there (permanent rebase) -- legitimate
units,marketdata_marketcandle[1d_unadj],کاما,1389-06-27,15300.0,,corporate_action,factor 0.000113622 -> 0.00117647 and stays there (permanent rebase) -- legitimate
units,marketdata_marketcandle[1d_unadj],کاما,1389-07-06,16338.0,,corporate_action,factor 0.000115847 -> 0.00116293 and stays there (permanent rebase) -- legitimate
units,marketdata_marketcandle[1d_unadj],کاما,1389-07-17,16370.0,,corporate_action,factor 0.000117132 -> 0.00116066 and stays there (permanent rebase) -- legitimate
units,marketdata_marketcandle[1d_unadj],کاما,1389-07-24,16070.0,,corporate_action,factor 0.00011747 -> 0.00118233 and stays there (permanent rebase) -- legitimate
units,marketdata_marketcandle[1d_unadj],کاما,1389-08-08,16000.0,,corporate_action,factor 0.000114087 -> 0.001125 and stays there (permanent rebase) -- legitimate
units,marketdata_marketcandle[1d_unadj],کاما,1389-08-22,16010.0,,corporate_action,factor 0.000116365 -> 0.0011243 and stays there (permanent rebase) -- legitimate
units,marketdata_marketcandle[1d_unadj],کاما,1389-09-06,14940.0,,corporate_action,factor 0.000114664 -> 0.00113788 and stays there (permanent rebase) -- legitimate
units,marketdata_marketcandle[1d_unadj],کاما,1389-09-13,14850.0,,corporate_action,factor 0.000116144 -> 0.00114478 and stays there (permanent rebase) -- legitimate
units,marketdata_marketcandle[1d_unadj],کاما,1389-09-22,15600.0,,corporate_action,factor 0.000116887 -> 0.00115385 and stays there (permanent rebase) -- legitimate
units,marketdata_marketcandle[1d_unadj],کاما,1389-10-01,14500.0,,corporate_action,factor 0.000118236 -> 0.00117241 and stays there (permanent rebase) -- legitimate
units,marketdata_marketcandle[1d_unadj],کاما,1389-10-08,15150.0,,corporate_action,factor 0.000114463 -> 0.00112211 and stays there (permanent rebase) -- legitimate
units,marketdata_marketcandle[1d_unadj],کاما,1389-10-18,15650.0,,corporate_action,factor 0.000112824 -> 0.00115016 and stays there (permanent rebase) -- legitimate
units,marketdata_marketcandle[1d_unadj],کاما,1389-10-25,15498.0,,corporate_action,factor 0.000117948 -> 0.00116144 and stays there (permanent rebase) -- legitimate
units,marketdata_marketcandle[1d_unadj],کاما,1389-11-06,14681.0,,corporate_action,factor 0.00011777 -> 0.00115796 and stays there (permanent rebase) -- legitimate
units,marketdata_marketcandle[1d_unadj],کاما,1389-11-10,14821.0,,corporate_action,factor 0.000115796 -> 0.00114702 and stays there (permanent rebase) -- legitimate
units,marketdata_marketcandle[1d_unadj],کاما,1389-11-16,16501.0,,corporate_action,factor 0.000112754 -> 0.00115145 and stays there (permanent rebase) -- legitimate
units,marketdata_marketcandle[1d_unadj],کاما,1389-12-03,16584.0,,corporate_action,factor 0.00011274 -> 0.00114568 and stays there (permanent rebase) -- legitimate
units,marketdata_marketcandle[1d_unadj],کاما,1389-12-07,16700.0,,corporate_action,factor 0.000115628 -> 0.00113772 and stays there (permanent rebase) -- legitimate
units,marketdata_marketcandle[1d_unadj],کاما,1389-12-14,16069.0,,corporate_action,factor 0.000117393 -> 0.0011824 and stays there (permanent rebase) -- legitimate
units,marketdata_marketcandle[1d_unadj],کاما,1389-12-28,16200.0,,corporate_action,factor 0.000116122 -> 0.00117284 and stays there (permanent rebase) -- legitimate
units,marketdata_marketcandle[1d_unadj],کاما,1390-01-20,19589.0,,corporate_action,factor 0.000116785 -> 0.00117413 and stays there (permanent rebase) -- legitimate
units,marketdata_marketcandle[1d_unadj],کاما,1390-01-27,18504.0,,corporate_action,factor 0.000114155 -> 0.00113489 and stays there (permanent rebase) -- legitimate
units,marketdata_marketcandle[1d_unadj],کاما,1390-02-18,18693.0,,corporate_action,factor 0.000113625 -> 0.00117691 and stays there (permanent rebase) -- legitimate
units,marketdata_marketcandle[1d_unadj],کاما,1390-02-25,20251.0,,corporate_action,factor 0.00011584 -> 0.00113575 and stays there (permanent rebase) -- legitimate
units,marketdata_marketcandle[1d_unadj],کاما,1390-03-02,22007.0,,corporate_action,factor 0.00011617 -> 0.001136 and stays there (permanent rebase) -- legitimate
units,marketdata_marketcandle[1d_unadj],کاما,1390-03-07,21701.0,,corporate_action,factor 0.000113642 -> 0.00115202 and stays there (permanent rebase) -- legitimate
units,marketdata_marketcandle[1d_unadj],کاما,1390-03-16,23369.0,,corporate_action,factor 0.000116445 -> 0.00115538 and stays there (permanent rebase) -- legitimate
units,marketdata_marketcandle[1d_unadj],کاما,1390-03-21,24700.0,,corporate_action,factor 0.000115023 -> 0.0011336 and stays there (permanent rebase) -- legitimate
units,marketdata_marketcandle[1d_unadj],کاما,1390-03-29,23015.0,,corporate_action,factor 0.000116371 -> 0.00117315 and stays there (permanent rebase) -- legitimate
units,marketdata_marketcandle[1d_unadj],کاما,1390-04-18,20349.0,,corporate_action,factor 0.000117182 -> 0.00113028 and stays there (permanent rebase) -- legitimate
units,marketdata_marketcandle[1d_unadj],کاما,1390-05-01,22219.0,,corporate_action,factor 0.000117014 -> 0.00117017 and stays there (permanent rebase) -- legitimate
units,marketdata_marketcandle[1d_unadj],کاما,1390-05-08,21431.0,,corporate_action,factor 0.000116066 -> 0.00116653 and stays there (permanent rebase) -- legitimate
units,marketdata_marketcandle[1d_unadj],کاما,1390-05-15,21773.0,,corporate_action,factor 0.000116666 -> 0.00114821 and stays there (permanent rebase) -- legitimate
units,marketdata_marketcandle[1d_unadj],کاما,1390-06-05,24184.0,,corporate_action,factor 0.000116109 -> 0.00115779 and stays there (permanent rebase) -- legitimate
units,marketdata_marketcandle[1d_unadj],کاما,1390-06-12,25920.0,,corporate_action,factor 0.000115252 -> 0.00115741 and stays there (permanent rebase) -- legitimate
units,marketdata_marketcandle[1d_unadj],کاما,1390-06-19,24350.0,,corporate_action,factor 0.000116907 -> 0.0011499 and stays there (permanent rebase) -- legitimate
units,marketdata_marketcandle[1d_unadj],کاما,1390-07-09,20970.0,,corporate_action,factor 0.000117586 -> 0.00114449 and stays there (permanent rebase) -- legitimate
units,marketdata_marketcandle[1d_unadj],کاما,1390-07-23,21604.0,,corporate_action,factor 0.00011588 -> 0.00115719 and stays there (permanent rebase) -- legitimate
units,marketdata_marketcandle[1d_unadj],کاما,1390-07-30,20100.0,,corporate_action,factor 0.000113963 -> 0.00114428 and stays there (permanent rebase) -- legitimate
units,marketdata_marketcandle[1d_unadj],کاما,1390-08-17,18786.0,,corporate_action,factor 0.00011568 -> 0.00117108 and stays there (permanent rebase) -- legitimate
units,marketdata_marketcandle[1d_unadj],کاما,1390-08-28,16079.0,,corporate_action,factor 0.000114866 -> 0.00118167 and stays there (permanent rebase) -- legitimate
units,marketdata_marketcandle[1d_unadj],کاما,1390-09-05,13545.0,,corporate_action,factor 0.000114001 -> 0.00118125 and stays there (permanent rebase) -- legitimate
units,marketdata_marketcandle[1d_unadj],کاما,1390-09-12,13973.0,,corporate_action,factor 0.000115875 -> 0.00114507 and stays there (permanent rebase) -- legitimate
units,marketdata_marketcandle[1d_unadj],کاما,1390-09-16,14025.0,,corporate_action,factor 0.000114147 -> 0.00114082 and stays there (permanent rebase) -- legitimate
units,marketdata_marketcandle[1d_unadj],کاما,1390-09-19,14026.0,,corporate_action,factor 0.000114082 -> 0.00114074 and stays there (permanent rebase) -- legitimate
units,marketdata_marketcandle[1d_unadj],کاما,1390-09-26,16931.0,,corporate_action,factor 0.000112473 -> 0.00118127 and stays there (permanent rebase) -- legitimate
units,marketdata_marketcandle[1d_unadj],کاما,1390-10-03,19089.0,,corporate_action,factor 0.000114398 -> 0.0011525 and stays there (permanent rebase) -- legitimate
units,marketdata_marketcandle[1d_unadj],کاما,1390-10-10,18909.0,,corporate_action,factor 0.00011593 -> 0.00116347 and stays there (permanent rebase) -- legitimate
units,marketdata_marketcandle[1d_unadj],کاما,1390-10-17,19435.0,,corporate_action,factor 0.000116872 -> 0.00113198 and stays there (permanent rebase) -- legitimate
units,marketdata_marketcandle[1d_unadj],کاما,1390-12-06,10625.0,,corporate_action,factor 0.000289148 -> 0.00291765 and stays there (permanent rebase) -- legitimate
units,marketdata_marketcandle[1d_unadj],کاما,1390-12-13,11416.0,,corporate_action,factor 0.000289693 -> 0.00289068 and stays there (permanent rebase) -- legitimate
units,marketdata_marketcandle[1d_unadj],کاما,1390-12-27,9914.0,,corporate_action,factor 0.000294925 -> 0.00292516 and stays there (permanent rebase) -- legitimate
units,marketdata_marketcandle[1d_unadj],کاما,1391-01-14,9550.0,,corporate_action,factor 0.000294446 -> 0.00293194 and stays there (permanent rebase) -- legitimate
units,marketdata_marketcandle[1d_unadj],کاما,1391-02-23,8755.0,,corporate_action,factor 0.000285746 -> 0.00285551 and stays there (permanent rebase) -- legitimate
units,marketdata_marketcandle[1d_unadj],کاما,1391-03-06,8548.0,,corporate_action,factor 0.000288317 -> 0.00292466 and stays there (permanent rebase) -- legitimate
units,marketdata_marketcandle[1d_unadj],کاما,1391-03-16,8750.0,,corporate_action,factor 0.000286238 -> 0.00285714 and stays there (permanent rebase) -- legitimate
units,marketdata_marketcandle[1d_unadj],کاما,1391-04-17,7303.0,,corporate_action,factor 0.000310601 -> 0.00314939 and stays there (permanent rebase) -- legitimate
units,marketdata_marketcandle[1d_unadj],کاما,1391-05-14,6501.0,,corporate_action,factor 0.000319052 -> 0.00307645 and stays there (permanent rebase) -- legitimate
units,marketdata_marketcandle[1d_unadj],کاما,1391-05-21,6439.0,,corporate_action,factor 0.000305515 -> 0.00310607 and stays there (permanent rebase) -- legitimate
units,marketdata_marketcandle[1d_unadj],کاما,1391-06-07,6001.0,,corporate_action,factor 0.00316614 -> 0.000316614 and stays there (permanent rebase) -- legitimate
units,marketdata_marketcandle[1d_unadj],کاما,1391-06-16,6717.0,,corporate_action,factor 0.0031264 -> 0.00031264 and stays there (permanent rebase) -- legitimate
units,marketdata_marketcandle[1d_unadj],کاما,1391-06-22,7317.0,,corporate_action,factor 0.00314336 -> 0.000314336 and stays there (permanent rebase) -- legitimate
units,marketdata_marketcandle[1d_unadj],کاما,1391-06-30,8497.0,,corporate_action,factor 0.00317759 -> 0.000317759 and stays there (permanent rebase) -- legitimate
units,marketdata_marketcandle[1d_unadj],کاما,1391-07-02,8811.0,,corporate_action,factor 0.00317785 -> 0.000317785 and stays there (permanent rebase) -- legitimate
units,marketdata_marketcandle[1d_unadj],کاما,1391-07-22,8256.0,,corporate_action,factor 0.000317785 -> 0.00314922 and stays there (permanent rebase) -- legitimate
units,marketdata_marketcandle[1d_unadj],کاما,1391-08-14,8640.0,,corporate_action,factor 0.000317834 -> 0.003125 and stays there (permanent rebase) -- legitimate
units,marketdata_marketcandle[1d_unadj],کاما,1391-08-20,8653.0,,corporate_action,factor 0.000309031 -> 0.00312031 and stays there (permanent rebase) -- legitimate
units,marketdata_marketcandle[1d_unadj],کاما,1391-08-27,8300.0,,corporate_action,factor 0.000315113 -> 0.00313253 and stays there (permanent rebase) -- legitimate
units,marketdata_marketcandle[1d_unadj],کاما,1391-09-25,8700.0,,corporate_action,factor 0.00031388 -> 0.00310345 and stays there (permanent rebase) -- legitimate
units,marketdata_marketcandle[1d_unadj],کاما,1391-10-02,8946.0,,corporate_action,factor 0.000315849 -> 0.00312989 and stays there (permanent rebase) -- legitimate
units,marketdata_marketcandle[1d_unadj],کاما,1391-11-09,9360.0,,corporate_action,factor 0.000308676 -> 0.00309829 and stays there (permanent rebase) -- legitimate
units,marketdata_marketcandle[1d_unadj],کاما,1391-11-14,9020.0,,corporate_action,factor 0.000317321 -> 0.00310421 and stays there (permanent rebase) -- legitimate
units,marketdata_marketcandle[1d_unadj],کاما,1391-11-23,9120.0,,corporate_action,factor 0.000318073 -> 0.00317982 and stays there (permanent rebase) -- legitimate
units,marketdata_marketcandle[1d_unadj],کاما,1391-11-28,8861.0,,corporate_action,factor 0.00031528 -> 0.00315991 and stays there (permanent rebase) -- legitimate
units,marketdata_marketcandle[1d_unadj],کاما,1391-12-02,8999.0,,corporate_action,factor 0.000309563 -> 0.00311146 and stays there (permanent rebase) -- legitimate
units,marketdata_marketcandle[1d_unadj],کاما,1391-12-05,8623.0,,corporate_action,factor 0.000311146 -> 0.00313116 and stays there (permanent rebase) -- legitimate
units,marketdata_marketcandle[1d_unadj],کاما,1391-12-19,7556.0,,corporate_action,factor 0.000309079 -> 0.00317628 and stays there (permanent rebase) -- legitimate
units,marketdata_marketcandle[1d_unadj],کاما,1392-01-14,8299.0,,corporate_action,factor 0.000317684 -> 0.00313291 and stays there (permanent rebase) -- legitimate
units,marketdata_marketcandle[1d_unadj],کاما,1392-01-17,8050.0,,corporate_action,factor 0.000313291 -> 0.00310559 and stays there (permanent rebase) -- legitimate
units,marketdata_marketcandle[1d_unadj],کاما,1392-01-26,7800.0,,corporate_action,factor 0.000318431 -> 0.00307692 and stays there (permanent rebase) -- legitimate
units,marketdata_marketcandle[1d_unadj],کاما,1392-02-14,8453.0,,corporate_action,factor 0.000308718 -> 0.00307583 and stays there (permanent rebase) -- legitimate
units,marketdata_marketcandle[1d_unadj],کاما,1392-02-21,8750.0,,corporate_action,factor 0.000318218 -> 0.00308571 and stays there (permanent rebase) -- legitimate
units,marketdata_marketcandle[1d_unadj],کاما,1392-03-12,8700.0,,corporate_action,factor 0.00030854 -> 0.00310345 and stays there (permanent rebase) -- legitimate
units,marketdata_marketcandle[1d_unadj],کاما,1392-03-18,8207.0,,corporate_action,factor 0.000314429 -> 0.00316803 and stays there (permanent rebase) -- legitimate
units,marketdata_marketcandle[1d_unadj],کاما,1392-04-01,8280.0,,corporate_action,factor 0.000314732 -> 0.0031401 and stays there (permanent rebase) -- legitimate
units,marketdata_marketcandle[1d_unadj],کاما,1392-04-04,8450.0,,corporate_action,factor 0.0003159 -> 0.00307692 and stays there (permanent rebase) -- legitimate
units,marketdata_marketcandle[1d_unadj],کاما,1392-04-15,9591.0,,corporate_action,factor 0.000314431 -> 0.00312793 and stays there (permanent rebase) -- legitimate
units,marketdata_marketcandle[1d_unadj],کاما,1392-04-29,10568.0,,corporate_action,factor 0.00031074 -> 0.00312263 and stays there (permanent rebase) -- legitimate
units,marketdata_marketcandle[1d_unadj],کاما,1392-05-09,11087.0,,corporate_action,factor 0.000309175 -> 0.00315685 and stays there (permanent rebase) -- legitimate
units,marketdata_marketcandle[1d_unadj],کاما,1392-05-12,10660.0,,corporate_action,factor 0.000315685 -> 0.00309568 and stays there (permanent rebase) -- legitimate
units,marketdata_marketcandle[1d_unadj],کاما,1392-05-26,10350.0,,corporate_action,factor 0.000317277 -> 0.00309179 and stays there (permanent rebase) -- legitimate
units,marketdata_marketcandle[1d_unadj],کاما,1392-06-23,9824.0,,corporate_action,factor 0.000316553 -> 0.00315554 and stays there (permanent rebase) -- legitimate
units,marketdata_marketcandle[1d_unadj],کاما,1392-06-30,9965.0,,corporate_action,factor 0.000311401 -> 0.00311089 and stays there (permanent rebase) -- legitimate
units,marketdata_marketcandle[1d_unadj],کاما,1392-08-04,11768.0,,corporate_action,factor 0.000313868 -> 0.00314412 and stays there (permanent rebase) -- legitimate
units,marketdata_marketcandle[1d_unadj],کاما,1392-08-11,11633.0,,corporate_action,factor 0.000317301 -> 0.00309464 and stays there (permanent rebase) -- legitimate
units,marketdata_marketcandle[1d_unadj],کاما,1392-08-25,11479.0,,corporate_action,factor 0.000311684 -> 0.00313616 and stays there (permanent rebase) -- legitimate
units,marketdata_marketcandle[1d_unadj],کاما,1392-09-02,11112.0,,corporate_action,factor 0.000310531 -> 0.00314975 and stays there (permanent rebase) -- legitimate
units,marketdata_marketcandle[1d_unadj],کاما,1392-09-09,12582.0,,corporate_action,factor 0.000313868 -> 0.00309967 and stays there (permanent rebase) -- legitimate
units,marketdata_marketcandle[1d_unadj],کاما,1392-09-16,12361.0,,corporate_action,factor 0.000316799 -> 0.00315508 and stays there (permanent rebase) -- legitimate
units,marketdata_marketcandle[1d_unadj],کاما,1392-09-23,13053.0,,corporate_action,factor 0.000310337 -> 0.00314104 and stays there (permanent rebase) -- legitimate
units,marketdata_marketcandle[1d_unadj],کاما,1392-10-11,14730.0,,corporate_action,factor 0.000313187 -> 0.00312288 and stays there (permanent rebase) -- legitimate
units,marketdata_marketcandle[1d_unadj],کاما,1392-10-30,12975.0,,corporate_action,factor 0.000310835 -> 0.00315992 and stays there (permanent rebase) -- legitimate
units,marketdata_marketcandle[1d_unadj],کاما,1392-11-05,12999.0,,corporate_action,factor 0.000310078 -> 0.00315409 and stays there (permanent rebase) -- legitimate
units,marketdata_marketcandle[1d_unadj],کاما,1392-11-12,13593.0,,corporate_action,factor 0.000313552 -> 0.00316339 and stays there (permanent rebase) -- legitimate
units,marketdata_marketcandle[1d_unadj],کاما,1392-11-19,11866.0,,corporate_action,factor 0.000315585 -> 0.00311815 and stays there (permanent rebase) -- legitimate
units,marketdata_marketcandle[1d_unadj],کاما,1392-11-23,11099.0,,corporate_action,factor 0.000309625 -> 0.00315344 and stays there (permanent rebase) -- legitimate
units,marketdata_marketcandle[1d_unadj],کاما,1392-11-26,11543.0,,corporate_action,factor 0.000315344 -> 0.00311877 and stays there (permanent rebase) -- legitimate
units,marketdata_marketcandle[1d_unadj],کاما,1392-12-10,11595.0,,corporate_action,factor 0.000310935 -> 0.00310479 and stays there (permanent rebase) -- legitimate
units,marketdata_marketcandle[1d_unadj],کاما,1392-12-17,11180.0,,corporate_action,factor 0.000314409 -> 0.00313059 and stays there (permanent rebase) -- legitimate
units,marketdata_marketcandle[1d_unadj],کاما,1392-12-24,10700.0,,corporate_action,factor 0.000313957 -> 0.00317757 and stays there (permanent rebase) -- legitimate
units,marketdata_marketcandle[1d_unadj],کاما,1393-01-23,9850.0,,corporate_action,factor 0.000314404 -> 0.00314721 and stays there (permanent rebase) -- legitimate
units,marketdata_marketcandle[1d_unadj],کاما,1393-01-30,9600.0,,corporate_action,factor 0.000310155 -> 0.003125 and stays there (permanent rebase) -- legitimate
units,marketdata_marketcandle[1d_unadj],کاما,1393-02-06,11420.0,,corporate_action,factor 0.00031597 -> 0.00315236 and stays there (permanent rebase) -- legitimate
units,marketdata_marketcandle[1d_unadj],کاما,1393-02-13,10570.0,,corporate_action,factor 0.000313306 -> 0.00312204 and stays there (permanent rebase) -- legitimate
units,marketdata_marketcandle[1d_unadj],کاما,1393-03-31,8780.0,,corporate_action,factor 0.000357926 -> 0.00364465 and stays there (permanent rebase) -- legitimate
units,marketdata_marketcandle[1d_unadj],کاما,1393-04-14,9283.0,,corporate_action,factor 0.000362717 -> 0.00355489 and stays there (permanent rebase) -- legitimate
units,marketdata_marketcandle[1d_unadj],کاما,1393-04-21,10168.0,,corporate_action,factor 0.000357034 -> 0.00363887 and stays there (permanent rebase) -- legitimate
units,marketdata_marketcandle[1d_unadj],کاما,1393-04-29,10590.0,,corporate_action,factor 0.000359474 -> 0.00358829 and stays there (permanent rebase) -- legitimate
units,marketdata_marketcandle[1d_unadj],کاما,1393-05-11,11122.0,,corporate_action,factor 0.000361436 -> 0.00359648 and stays there (permanent rebase) -- legitimate
units,marketdata_marketcandle[1d_unadj],کاما,1393-05-25,9965.0,,corporate_action,factor 0.000361258 -> 0.00361264 and stays there (permanent rebase) -- legitimate
units,marketdata_marketcandle[1d_unadj],کاما,1393-06-08,10200.0,,corporate_action,factor 0.000361423 -> 0.00362745 and stays there (permanent rebase) -- legitimate
units,marketdata_marketcandle[1d_unadj],کاما,1393-06-22,9499.0,,corporate_action,factor 0.000365154 -> 0.00357932 and stays there (permanent rebase) -- legitimate
units,marketdata_marketcandle[1d_unadj],کاما,1393-06-29,9666.0,,corporate_action,factor 0.000365552 -> 0.00362094 and stays there (permanent rebase) -- legitimate
units,marketdata_marketcandle[1d_unadj],کاما,1393-07-12,9404.0,,corporate_action,factor 0.000361234 -> 0.00361548 and stays there (permanent rebase) -- legitimate
units,marketdata_marketcandle[1d_unadj],کاما,1393-07-14,9500.0,,corporate_action,factor 0.000361548 -> 0.00357895 and stays there (permanent rebase) -- legitimate
units,marketdata_marketcandle[1d_unadj],کاما,1393-07-19,9765.0,,corporate_action,factor 0.000360936 -> 0.00358423 and stays there (permanent rebase) -- legitimate
units,marketdata_marketcandle[1d_unadj],کاما,1393-07-26,9521.0,,corporate_action,factor 0.000362094 -> 0.00357105 and stays there (permanent rebase) -- legitimate
units,marketdata_marketcandle[1d_unadj],کاما,1393-08-10,9151.0,,corporate_action,factor 0.00036059 -> 0.00360616 and stays there (permanent rebase) -- legitimate
units,marketdata_marketcandle[1d_unadj],کاما,1393-08-17,9500.0,,corporate_action,factor 0.000358045 -> 0.00357895 and stays there (permanent rebase) -- legitimate
units,marketdata_marketcandle[1d_unadj],کاما,1393-08-24,9480.0,,corporate_action,factor 0.000363939 -> 0.0035865 and stays there (permanent rebase) -- legitimate
units,marketdata_marketcandle[1d_unadj],کاما,1393-09-01,9137.0,,corporate_action,factor 0.000360538 -> 0.00361169 and stays there (permanent rebase) -- legitimate
units,marketdata_marketcandle[1d_unadj],کاما,1393-09-08,9900.0,,corporate_action,factor 0.000363712 -> 0.00363636 and stays there (permanent rebase) -- legitimate
units,marketdata_marketcandle[1d_unadj],کاما,1393-09-15,10118.0,,corporate_action,factor 0.000360396 -> 0.00355802 and stays there (permanent rebase) -- legitimate
units,marketdata_marketcandle[1d_unadj],کاما,1393-09-23,9529.0,,corporate_action,factor 0.000364568 -> 0.00356806 and stays there (permanent rebase) -- legitimate
units,marketdata_marketcandle[1d_unadj],کاما,1393-10-01,9376.0,,corporate_action,factor 0.000361763 -> 0.00362628 and stays there (permanent rebase) -- legitimate
units,marketdata_marketcandle[1d_unadj],کاما,1393-10-03,9602.0,,corporate_action,factor 0.000362628 -> 0.00364507 and stays there (permanent rebase) -- legitimate
units,marketdata_marketcandle[1d_unadj],کاما,1393-10-06,9560.0,,corporate_action,factor 0.000364507 -> 0.00355649 and stays there (permanent rebase) -- legitimate
units,marketdata_marketcandle[1d_unadj],کاما,1393-10-13,9563.0,,corporate_action,factor 0.000361272 -> 0.00355537 and stays there (permanent rebase) -- legitimate
units,marketdata_marketcandle[1d_unadj],کاما,1393-10-20,8783.0,,corporate_action,factor 0.000366057 -> 0.0036434 and stays there (permanent rebase) -- legitimate
units,marketdata_marketcandle[1d_unadj],کاما,1393-10-27,8650.0,,corporate_action,factor 0.000357143 -> 0.00358382 and stays there (permanent rebase) -- legitimate
units,marketdata_marketcandle[1d_unadj],کاما,1393-11-04,8040.0,,corporate_action,factor 0.000358733 -> 0.00360697 and stays there (permanent rebase) -- legitimate
units,marketdata_marketcandle[1d_unadj],کاما,1393-11-11,8723.0,,corporate_action,factor 0.000365178 -> 0.00355382 and stays there (permanent rebase) -- legitimate
units,marketdata_marketcandle[1d_unadj],کاما,1393-11-18,8863.0,,corporate_action,factor 0.00035603 -> 0.00361052 and stays there (permanent rebase) -- legitimate
units,marketdata_marketcandle[1d_unadj],کاما,1393-11-25,8703.0,,corporate_action,factor 0.000355635 -> 0.00356199 and stays there (permanent rebase) -- legitimate
units,marketdata_marketcandle[1d_unadj],کاما,1393-12-02,8310.0,,corporate_action,factor 0.000362192 -> 0.00361011 and stays there (permanent rebase) -- legitimate
units,marketdata_marketcandle[1d_unadj],کاما,1393-12-16,8301.0,,corporate_action,factor 0.000363168 -> 0.00361402 and stays there (permanent rebase) -- legitimate
units,marketdata_marketcandle[1d_unadj],کاما,1394-01-05,8965.0,,corporate_action,factor 0.000356937 -> 0.00356944 and stays there (permanent rebase) -- legitimate
units,marketdata_marketcandle[1d_unadj],کاما,1394-01-08,8998.0,,corporate_action,factor 0.000356944 -> 0.00355635 and stays there (permanent rebase) -- legitimate
units,marketdata_marketcandle[1d_unadj],کاما,1394-01-15,9366.0,,corporate_action,factor 0.000363236 -> 0.00363015 and stays there (permanent rebase) -- legitimate
units,marketdata_marketcandle[1d_unadj],کاما,1394-01-22,8950.0,,corporate_action,factor 0.000357822 -> 0.00357542 and stays there (permanent rebase) -- legitimate
units,marketdata_marketcandle[1d_unadj],کاما,1394-02-19,3900.0,,corporate_action,factor 0.000890812 -> 0.00897436 and stays there (permanent rebase) -- legitimate
units,marketdata_marketcandle[1d_unadj],کاما,1394-04-13,2875.0,,corporate_action,factor 0.00100104 -> 0.010087 and stays there (permanent rebase) -- legitimate
units,marketdata_marketcandle[1d_unadj],کاما,1394-04-20,2810.0,,corporate_action,factor 0.00101081 -> 0.00996441 and stays there (permanent rebase) -- legitimate
units,marketdata_marketcandle[1d_unadj],کاما,1394-05-03,2650.0,,corporate_action,factor 0.00102115 -> 0.0101887 and stays there (permanent rebase) -- legitimate
units,marketdata_marketcandle[1d_unadj],کاما,1394-05-17,2490.0,,corporate_action,factor 0.00102545 -> 0.0100402 and stays there (permanent rebase) -- legitimate
units,marketdata_marketcandle[1d_unadj],کاما,1394-05-21,2390.0,,corporate_action,factor 0.00102923 -> 0.0100418 and stays there (permanent rebase) -- legitimate
units,marketdata_marketcandle[1d_unadj],کاما,1394-05-31,2310.0,,corporate_action,factor 0.000999092 -> 0.00995671 and stays there (permanent rebase) -- legitimate
units,marketdata_marketcandle[1d_unadj],کاما,1394-06-21,2265.0,,corporate_action,factor 0.00100218 -> 0.0101545 and stays there (permanent rebase) -- legitimate
units,marketdata_marketcandle[1d_unadj],کاما,1394-07-04,2045.0,,corporate_action,factor 0.001029 -> 0.0102689 and stays there (permanent rebase) -- legitimate
units,marketdata_marketcandle[1d_unadj],کاما,1394-07-11,2079.0,,corporate_action,factor 0.00100865 -> 0.010101 and stays there (permanent rebase) -- legitimate
units,marketdata_marketcandle[1d_unadj],کاما,1394-07-18,2293.0,,corporate_action,factor 0.00100228 -> 0.0100305 and stays there (permanent rebase) -- legitimate
units,marketdata_marketcandle[1d_unadj],کاما,1394-07-25,2534.0,,corporate_action,factor 0.00102417 -> 0.0102605 and stays there (permanent rebase) -- legitimate
units,marketdata_marketcandle[1d_unadj],کاما,1394-08-12,2296.0,,corporate_action,factor 0.000992235 -> 0.0100174 and stays there (permanent rebase) -- legitimate
units,marketdata_marketcandle[1d_unadj],کاما,1394-08-30,2220.0,,corporate_action,factor 0.00101725 -> 0.00990991 and stays there (permanent rebase) -- legitimate
units,marketdata_marketcandle[1d_unadj],کاما,1394-09-14,2170.0,,corporate_action,factor 0.00101758 -> 0.0101382 and stays there (permanent rebase) -- legitimate
units,marketdata_marketcandle[1d_unadj],کاما,1394-10-05,1940.0,,corporate_action,factor 0.001 -> 0.0103093 and stays there (permanent rebase) -- legitimate
units,marketdata_marketcandle[1d_unadj],کاما,1394-10-19,2200.0,,corporate_action,factor 0.00101758 -> 0.01 and stays there (permanent rebase) -- legitimate
units,marketdata_marketcandle[1d_unadj],کاما,1394-11-24,2584.0,,corporate_action,factor 0.0010101 -> 0.0100619 and stays there (permanent rebase) -- legitimate
units,marketdata_marketcandle[1d_unadj],کاما,1394-12-08,2380.0,,corporate_action,factor 0.00102696 -> 0.010084 and stays there (permanent rebase) -- legitimate
units,marketdata_marketcandle[1d_unadj],کاما,1394-12-15,2483.0,,corporate_action,factor 0.00102627 -> 0.0100685 and stays there (permanent rebase) -- legitimate
units,marketdata_marketcandle[1d_unadj],کاما,1394-12-24,3305.0,,corporate_action,factor 0.00101458 -> 0.00998487 and stays there (permanent rebase) -- legitimate
units,marketdata_marketcandle[1d_unadj],کاما,1395-01-07,3591.0,,corporate_action,factor 0.0010142 -> 0.0100251 and stays there (permanent rebase) -- legitimate
units,marketdata_marketcandle[1d_unadj],کاما,1395-01-14,3730.0,,corporate_action,factor 0.00100812 -> 0.0101877 and stays there (permanent rebase) -- legitimate
units,marketdata_marketcandle[1d_unadj],کاما,1395-01-28,4200.0,,corporate_action,factor 0.00100632 -> 0.01 and stays there (permanent rebase) -- legitimate
units,marketdata_marketcandle[1d_unadj],کاما,1395-02-04,4227.0,,corporate_action,factor 0.00101306 -> 0.0101727 and stays there (permanent rebase) -- legitimate
units,marketdata_marketcandle[1d_unadj],کاما,1395-02-11,3860.0,,corporate_action,factor 0.00101272 -> 0.0101036 and stays there (permanent rebase) -- legitimate
units,marketdata_marketcandle[1d_unadj],کاما,1395-03-03,3590.0,,corporate_action,factor 0.00101314 -> 0.0100279 and stays there (permanent rebase) -- legitimate
units,marketdata_marketcandle[1d_unadj],کاما,1395-04-05,3700.0,,corporate_action,factor 0.00102551 -> 0.0102703 and stays there (permanent rebase) -- legitimate
units,marketdata_marketcandle[1d_unadj],کاما,1395-04-08,3600.0,,corporate_action,factor 0.00103035 -> 0.0102778 and stays there (permanent rebase) -- legitimate
units,marketdata_marketcandle[1d_unadj],کاما,1395-04-12,4020.0,,corporate_action,factor 0.00104439 -> 0.010199 and stays there (permanent rebase) -- legitimate
units,marketdata_marketcandle[1d_unadj],کاما,1395-05-10,3920.0,,corporate_action,factor 0.00103041 -> 0.0102041 and stays there (permanent rebase) -- legitimate
units,marketdata_marketcandle[1d_unadj],کاما,1395-05-16,4445.0,,corporate_action,factor 0.00103093 -> 0.0103487 and stays there (permanent rebase) -- legitimate
units,marketdata_marketcandle[1d_unadj],کاما,1395-05-23,4381.0,,corporate_action,factor 0.00103161 -> 0.0102716 and stays there (permanent rebase) -- legitimate
units,marketdata_marketcandle[1d_unadj],کاما,1395-06-20,4071.0,,corporate_action,factor 0.00104167 -> 0.0103169 and stays there (permanent rebase) -- legitimate
units,marketdata_marketcandle[1d_unadj],کاما,1395-06-31,4159.0,,corporate_action,factor 0.00102398 -> 0.010339 and stays there (permanent rebase) -- legitimate
units,marketdata_marketcandle[1d_unadj],کاما,1395-07-03,4188.0,,corporate_action,factor 0.0010339 -> 0.0102674 and stays there (permanent rebase) -- legitimate
units,marketdata_marketcandle[1d_unadj],کاما,1395-07-24,4923.0,,corporate_action,factor 0.00103485 -> 0.0103595 and stays there (permanent rebase) -- legitimate
units,marketdata_marketcandle[1d_unadj],کاما,1395-09-06,6479.0,,corporate_action,factor 0.00102422 -> 0.0103411 and stays there (permanent rebase) -- legitimate
units,marketdata_marketcandle[1d_unadj],کاما,1395-09-13,7040.0,,corporate_action,factor 0.00103612 -> 0.0103693 and stays there (permanent rebase) -- legitimate
units,marketdata_marketcandle[1d_unadj],کاما,1395-10-11,7010.0,,corporate_action,factor 0.00103665 -> 0.010271 and stays there (permanent rebase) -- legitimate
units,marketdata_marketcandle[1d_unadj],کاما,1395-10-22,7774.0,,corporate_action,factor 0.0010355 -> 0.0102907 and stays there (permanent rebase) -- legitimate
units,marketdata_marketcandle[1d_unadj],کاما,1395-11-16,7175.0,,corporate_action,factor 0.00103066 -> 0.0103136 and stays there (permanent rebase) -- legitimate
units,marketdata_marketcandle[1d_unadj],کاما,1395-12-21,6114.0,,corporate_action,factor 0.00103448 -> 0.0103042 and stays there (permanent rebase) -- legitimate
units,marketdata_marketcandle[1d_unadj],کاما,1396-01-20,6600.0,,corporate_action,factor 0.00102572 -> 0.010303 and stays there (permanent rebase) -- legitimate
units,marketdata_marketcandle[1d_unadj],کاما,1396-01-26,6032.0,,corporate_action,factor 0.00103351 -> 0.0102785 and stays there (permanent rebase) -- legitimate
units,marketdata_marketcandle[1d_unadj],کاما,1396-02-02,5730.0,,corporate_action,factor 0.00102716 -> 0.0102967 and stays there (permanent rebase) -- legitimate
units,marketdata_marketcandle[1d_unadj],کاما,1396-02-06,5905.0,,corporate_action,factor 0.00103093 -> 0.0103302 and stays there (permanent rebase) -- legitimate
units,marketdata_marketcandle[1d_unadj],کاما,1396-02-09,5850.0,,corporate_action,factor 0.00103302 -> 0.0102564 and stays there (permanent rebase) -- legitimate
units,marketdata_marketcandle[1d_unadj],کاما,1396-02-16,5853.0,,corporate_action,factor 0.00103745 -> 0.0102512 and stays there (permanent rebase) -- legitimate
units,marketdata_marketcandle[1d_unadj],کاما,1396-02-23,5792.0,,corporate_action,factor 0.00102728 -> 0.0103591 and stays there (permanent rebase) -- legitimate
units,marketdata_marketcandle[1d_unadj],کاما,1396-02-30,6338.0,,corporate_action,factor 0.00103127 -> 0.0102556 and stays there (permanent rebase) -- legitimate
units,marketdata_marketcandle[1d_unadj],کاما,1396-03-06,6573.0,,corporate_action,factor 0.00102704 -> 0.0103454 and stays there (permanent rebase) -- legitimate
units,marketdata_marketcandle[1d_unadj],کاما,1396-03-16,5699.0,,corporate_action,factor 0.00103093 -> 0.0107036 and stays there (permanent rebase) -- legitimate
units,marketdata_marketcandle[1d_unadj],کاما,1396-04-10,6550.0,,corporate_action,factor 0.00106089 -> 0.010687 and stays there (permanent rebase) -- legitimate
units,marketdata_marketcandle[1d_unadj],کاما,1396-04-17,6475.0,,corporate_action,factor 0.00106564 -> 0.0106564 and stays there (permanent rebase) -- legitimate
units,marketdata_marketcandle[1d_unadj],کاما,1396-04-31,7400.0,,corporate_action,factor 0.00106383 -> 0.0106757 and stays there (permanent rebase) -- legitimate
units,marketdata_marketcandle[1d_unadj],کاما,1396-05-15,7200.0,,corporate_action,factor 0.00105864 -> 0.0106944 and stays there (permanent rebase) -- legitimate
units,marketdata_marketcandle[1d_unadj],کاما,1396-05-21,7598.0,,corporate_action,factor 0.00106917 -> 0.0106607 and stays there (permanent rebase) -- legitimate
units,marketdata_marketcandle[1d_unadj],کاما,1396-05-28,8039.0,,corporate_action,factor 0.00107124 -> 0.0106978 and stays there (permanent rebase) -- legitimate
units,marketdata_marketcandle[1d_unadj],کاما,1396-06-11,7795.0,,corporate_action,factor 0.00106202 -> 0.0106479 and stays there (permanent rebase) -- legitimate
units,marketdata_marketcandle[1d_unadj],کاما,1396-06-19,7277.0,,corporate_action,factor 0.00106383 -> 0.0107187 and stays there (permanent rebase) -- legitimate
units,marketdata_marketcandle[1d_unadj],کاما,1396-07-01,7430.0,,corporate_action,factor 0.00106065 -> 0.0106326 and stays there (permanent rebase) -- legitimate
units,marketdata_marketcandle[1d_unadj],کاما,1396-07-22,7490.0,,corporate_action,factor 0.00106012 -> 0.0106809 and stays there (permanent rebase) -- legitimate
units,marketdata_marketcandle[1d_unadj],کاما,1396-07-29,7750.0,,corporate_action,factor 0.00106565 -> 0.0107097 and stays there (permanent rebase) -- legitimate
units,marketdata_marketcandle[1d_unadj],کاما,1396-08-02,8030.0,,corporate_action,factor 0.00106423 -> 0.0107098 and stays there (permanent rebase) -- legitimate
units,marketdata_marketcandle[1d_unadj],کاما,1396-08-06,7999.0,,corporate_action,factor 0.00106864 -> 0.0106263 and stays there (permanent rebase) -- legitimate
units,marketdata_marketcandle[1d_unadj],کاما,1396-08-20,7860.0,,corporate_action,factor 0.00106843 -> 0.010687 and stays there (permanent rebase) -- legitimate
units,marketdata_marketcandle[1d_unadj],کاما,1396-08-29,7800.0,,corporate_action,factor 0.00106725 -> 0.010641 and stays there (permanent rebase) -- legitimate
units,marketdata_marketcandle[1d_unadj],کاما,1396-09-04,8380.0,,corporate_action,factor 0.00106735 -> 0.0106205 and stays there (permanent rebase) -- legitimate
units,marketdata_marketcandle[1d_unadj],کاما,1396-09-18,7999.0,,corporate_action,factor 0.001069 -> 0.0106263 and stays there (permanent rebase) -- legitimate
units,marketdata_marketcandle[1d_unadj],کاما,1396-09-25,8450.0,,corporate_action,factor 0.00106641 -> 0.0106509 and stays there (permanent rebase) -- legitimate
units,marketdata_marketcandle[1d_unadj],کاما,1396-10-02,8670.0,,corporate_action,factor 0.00106383 -> 0.0106113 and stays there (permanent rebase) -- legitimate
units,marketdata_marketcandle[1d_unadj],کاما,1396-10-16,9068.0,,corporate_action,factor 0.001067 -> 0.010697 and stays there (permanent rebase) -- legitimate
units,marketdata_marketcandle[1d_unadj],کاما,1396-10-23,9789.0,,corporate_action,factor 0.00106777 -> 0.0106242 and stays there (permanent rebase) -- legitimate
units,marketdata_marketcandle[1d_unadj],کاما,1396-11-21,10140.0,,corporate_action,factor 0.00106596 -> 0.0106509 and stays there (permanent rebase) -- legitimate
units,marketdata_marketcandle[1d_unadj],کاما,1397-01-14,9451.0,,corporate_action,factor 0.00106438 -> 0.0106867 and stays there (permanent rebase) -- legitimate
units,marketdata_marketcandle[1d_unadj],کاما,1397-01-26,8715.0,,corporate_action,factor 0.00106607 -> 0.0106713 and stays there (permanent rebase) -- legitimate
units,marketdata_marketcandle[1d_unadj],کاما,1397-02-01,8779.0,,corporate_action,factor 0.00107081 -> 0.0107074 and stays there (permanent rebase) -- legitimate
units,marketdata_marketcandle[1d_unadj],کاما,1397-02-08,8304.0,,corporate_action,factor 0.00106909 -> 0.0105973 and stays there (permanent rebase) -- legitimate
units,marketdata_marketcandle[1d_unadj],کاما,1397-02-22,8200.0,,corporate_action,factor 0.00106657 -> 0.0106098 and stays there (permanent rebase) -- legitimate
units,marketdata_marketcandle[1d_unadj],کاما,1397-02-29,8410.0,,corporate_action,factor 0.00106549 -> 0.0107015 and stays there (permanent rebase) -- legitimate
units,marketdata_marketcandle[1d_unadj],کاما,1397-04-09,5085.0,,corporate_action,factor 0.00213904 -> 0.0212389 and stays there (permanent rebase) -- legitimate
units,marketdata_marketcandle[1d_unadj],کاما,1397-04-16,4735.0,,corporate_action,factor 0.00212546 -> 0.0213305 and stays there (permanent rebase) -- legitimate
units,marketdata_marketcandle[1d_unadj],کاما,1397-04-19,4555.0,,corporate_action,factor 0.00212766 -> 0.0212953 and stays there (permanent rebase) -- legitimate
units,marketdata_marketcandle[1d_unadj],کاما,1397-04-23,4200.0,,corporate_action,factor 0.00213744 -> 0.0211905 and stays there (permanent rebase) -- legitimate
units,marketdata_marketcandle[1d_unadj],کاما,1397-05-13,5190.0,,corporate_action,factor 0.00212158 -> 0.0213873 and stays there (permanent rebase) -- legitimate
units,marketdata_marketcandle[1d_unadj],کاما,1397-05-21,6190.0,,corporate_action,factor 0.002128 -> 0.0213247 and stays there (permanent rebase) -- legitimate
units,marketdata_marketcandle[1d_unadj],کاما,1397-06-03,6303.0,,corporate_action,factor 0.00212906 -> 0.0212597 and stays there (permanent rebase) -- legitimate
units,marketdata_marketcandle[1d_unadj],کاما,1397-06-17,7621.0,,corporate_action,factor 0.00213618 -> 0.0212571 and stays there (permanent rebase) -- legitimate
units,marketdata_marketcandle[1d_unadj],کاما,1397-06-24,8304.0,,corporate_action,factor 0.00212524 -> 0.021315 and stays there (permanent rebase) -- legitimate
units,marketdata_marketcandle[1d_unadj],کاما,1397-07-07,11426.0,,corporate_action,factor 0.00213238 -> 0.0212673 and stays there (permanent rebase) -- legitimate
units,marketdata_marketcandle[1d_unadj],کاما,1397-07-09,12540.0,,corporate_action,factor 0.00212673 -> 0.0212919 and stays there (permanent rebase) -- legitimate
units,marketdata_marketcandle[1d_unadj],کاما,1397-07-21,9643.0,,corporate_action,factor 0.00213039 -> 0.0212589 and stays there (permanent rebase) -- legitimate
units,marketdata_marketcandle[1d_unadj],کاما,1397-08-05,9318.0,,corporate_action,factor 0.00212766 -> 0.0212492 and stays there (permanent rebase) -- legitimate
units,marketdata_marketcandle[1d_unadj],کاما,1397-08-09,9825.0,,corporate_action,factor 0.00213222 -> 0.0212723 and stays there (permanent rebase) -- legitimate
units,marketdata_marketcandle[1d_unadj],کاما,1397-08-12,10120.0,,corporate_action,factor 0.00212723 -> 0.0213439 and stays there (permanent rebase) -- legitimate
units,marketdata_marketcandle[1d_unadj],کاما,1397-08-19,11100.0,,corporate_action,factor 0.00213119 -> 0.0212613 and stays there (permanent rebase) -- legitimate
units,marketdata_marketcandle[1d_unadj],کاما,1397-08-26,10700.0,,corporate_action,factor 0.00212888 -> 0.0213084 and stays there (permanent rebase) -- legitimate
units,marketdata_marketcandle[1d_unadj],کاما,1397-09-03,9400.0,,corporate_action,factor 0.00213198 -> 0.0212766 and stays there (permanent rebase) -- legitimate
units,marketdata_marketcandle[1d_unadj],کاما,1397-09-05,8983.0,,corporate_action,factor 0.00212766 -> 0.0212624 and stays there (permanent rebase) -- legitimate
units,marketdata_marketcandle[1d_unadj],کاما,1397-09-10,8410.0,,corporate_action,factor 0.0021337 -> 0.0212842 and stays there (permanent rebase) -- legitimate
units,marketdata_marketcandle[1d_unadj],کاما,1397-09-17,9800.0,,corporate_action,factor 0.00212609 -> 0.0213265 and stays there (permanent rebase) -- legitimate
units,marketdata_marketcandle[1d_unadj],کاما,1397-10-01,8520.0,,corporate_action,factor 0.00212592 -> 0.0212441 and stays there (permanent rebase) -- legitimate
units,marketdata_marketcandle[1d_unadj],کاما,1397-10-08,8720.0,,corporate_action,factor 0.00212575 -> 0.0213303 and stays there (permanent rebase) -- legitimate
units,marketdata_marketcandle[1d_unadj],کاما,1397-11-06,8850.0,,corporate_action,factor 0.00213191 -> 0.0213559 and stays there (permanent rebase) -- legitimate
units,marketdata_marketcandle[1d_unadj],کاما,1397-11-21,9070.0,,corporate_action,factor 0.00213391 -> 0.0212789 and stays there (permanent rebase) -- legitimate
units,marketdata_marketcandle[1d_unadj],کاما,1397-12-04,9998.0,,corporate_action,factor 0.00213295 -> 0.0213043 and stays there (permanent rebase) -- legitimate
units,marketdata_marketcandle[1d_unadj],کاما,1397-12-11,9850.0,,corporate_action,factor 0.00212981 -> 0.0213198 and stays there (permanent rebase) -- legitimate
units,marketdata_marketcandle[1d_unadj],کاما,1397-12-25,11204.0,,corporate_action,factor 0.00212766 -> 0.0213317 and stays there (permanent rebase) -- legitimate
units,marketdata_marketcandle[1d_unadj],کاما,1398-01-05,12540.0,,corporate_action,factor 0.00212696 -> 0.0212919 and stays there (permanent rebase) -- legitimate
units,marketdata_marketcandle[1d_unadj],کاما,1398-01-24,13500.0,,corporate_action,factor 0.00213007 -> 0.0213333 and stays there (permanent rebase) -- legitimate
units,marketdata_marketcandle[1d_unadj],کاما,1398-02-21,11555.0,,corporate_action,factor 0.00212851 -> 0.0212895 and stays there (permanent rebase) -- legitimate
units,marketdata_marketcandle[1d_unadj],کاما,1398-02-28,13701.0,,corporate_action,factor 0.00212831 -> 0.0213123 and stays there (permanent rebase) -- legitimate
units,marketdata_marketcandle[1d_unadj],کاما,1398-03-07,15544.0,,corporate_action,factor 0.00212709 -> 0.0212944 and stays there (permanent rebase) -- legitimate
units,marketdata_marketcandle[1d_unadj],کاما,1398-03-18,15142.0,,corporate_action,factor 0.00213089 -> 0.0213314 and stays there (permanent rebase) -- legitimate
units,marketdata_marketcandle[1d_unadj],کاما,1398-03-25,14716.0,,corporate_action,factor 0.00213314 -> 0.0216771 and stays there (permanent rebase) -- legitimate
units,marketdata_marketcandle[1d_unadj],کاما,1398-04-22,16355.0,,corporate_action,factor 0.00216703 -> 0.0216448 and stays there (permanent rebase) -- legitimate
units,marketdata_marketcandle[1d_unadj],کاما,1398-04-29,15110.0,,corporate_action,factor 0.00216837 -> 0.0216413 and stays there (permanent rebase) -- legitimate
units,marketdata_marketcandle[1d_unadj],کاما,1398-05-05,15301.0,,corporate_action,factor 0.00216837 -> 0.0216326 and stays there (permanent rebase) -- legitimate
units,marketdata_marketcandle[1d_unadj],کاما,1398-05-12,14175.0,,corporate_action,factor 0.00216877 -> 0.0216578 and stays there (permanent rebase) -- legitimate
units,marketdata_marketcandle[1d_unadj],کاما,1398-05-26,14295.0,,corporate_action,factor 0.00216477 -> 0.0216859 and stays there (permanent rebase) -- legitimate
units,marketdata_marketcandle[1d_unadj],کاما,1398-05-30,14699.0,,corporate_action,factor 0.00216744 -> 0.0216341 and stays there (permanent rebase) -- legitimate
units,marketdata_marketcandle[1d_unadj],کاما,1398-06-02,14188.0,,corporate_action,factor 0.00216341 -> 0.021638 and stays there (permanent rebase) -- legitimate
units,marketdata_marketcandle[1d_unadj],کاما,1398-06-16,15933.0,,corporate_action,factor 0.00216301 -> 0.0216532 and stays there (permanent rebase) -- legitimate
units,marketdata_marketcandle[1d_unadj],کاما,1398-06-23,16052.0,,corporate_action,factor 0.00216365 -> 0.0216795 and stays there (permanent rebase) -- legitimate
units,marketdata_marketcandle[1d_unadj],کاما,1398-07-28,14379.0,,corporate_action,factor 0.00216462 -> 0.0216288 and stays there (permanent rebase) -- legitimate
units,marketdata_marketcandle[1d_unadj],کاما,1398-08-04,14099.0,,corporate_action,factor 0.00216469 -> 0.0216327 and stays there (permanent rebase) -- legitimate
units,marketdata_marketcandle[1d_unadj],کاما,1398-08-06,14714.0,,corporate_action,factor 0.00216327 -> 0.02168 and stays there (permanent rebase) -- legitimate
units,marketdata_marketcandle[1d_unadj],کاما,1398-08-08,14997.0,,corporate_action,factor 0.002168 -> 0.021671 and stays there (permanent rebase) -- legitimate
units,marketdata_marketcandle[1d_unadj],کاما,1398-08-11,14971.0,,corporate_action,factor 0.0021671 -> 0.0216418 and stays there (permanent rebase) -- legitimate
units,marketdata_marketcandle[1d_unadj],کاما,1398-08-25,14200.0,,corporate_action,factor 0.00216672 -> 0.0216901 and stays there (permanent rebase) -- legitimate
units,marketdata_marketcandle[1d_unadj],کاما,1398-09-02,14641.0,,corporate_action,factor 0.00216502 -> 0.0216515 and stays there (permanent rebase) -- legitimate
units,marketdata_marketcandle[1d_unadj],کاما,1398-09-09,16219.0,,corporate_action,factor 0.00216479 -> 0.0216413 and stays there (permanent rebase) -- legitimate
units,marketdata_marketcandle[1d_unadj],کاما,1398-09-16,17409.0,,corporate_action,factor 0.00216664 -> 0.0216555 and stays there (permanent rebase) -- legitimate
units,marketdata_marketcandle[1d_unadj],کاما,1398-10-07,20236.0,,corporate_action,factor 0.00216758 -> 0.0216446 and stays there (permanent rebase) -- legitimate
units,marketdata_marketcandle[1d_unadj],کاما,1398-10-14,19459.0,,corporate_action,factor 0.00216761 -> 0.0216352 and stays there (permanent rebase) -- legitimate
units,marketdata_marketcandle[1d_unadj],کاما,1398-10-21,17838.0,,corporate_action,factor 0.00216708 -> 0.0216392 and stays there (permanent rebase) -- legitimate
units,marketdata_marketcandle[1d_unadj],کاما,1398-10-28,21856.0,,corporate_action,factor 0.00216491 -> 0.0216417 and stays there (permanent rebase) -- legitimate
units,marketdata_marketcandle[1d_unadj],کاما,1398-11-05,25830.0,,corporate_action,factor 0.00216595 -> 0.0216415 and stays there (permanent rebase) -- legitimate
units,marketdata_marketcandle[1d_unadj],کاما,1398-11-12,26737.0,,corporate_action,factor 0.00216496 -> 0.0216554 and stays there (permanent rebase) -- legitimate
units,marketdata_marketcandle[1d_unadj],کاما,1398-11-26,27821.0,,corporate_action,factor 0.00216628 -> 0.0216743 and stays there (permanent rebase) -- legitimate
units,marketdata_marketcandle[1d_unadj],کاما,1398-12-03,28799.0,,corporate_action,factor 0.00216453 -> 0.0216674 and stays there (permanent rebase) -- legitimate
units,marketdata_marketcandle[1d_unadj],کاما,1398-12-10,28768.0,,corporate_action,factor 0.00216509 -> 0.021656 and stays there (permanent rebase) -- legitimate
units,marketdata_marketcandle[1d_unadj],کاما,1398-12-12,29705.0,,corporate_action,factor 0.0021656 -> 0.0216462 and stays there (permanent rebase) -- legitimate
units,marketdata_marketcandle[1d_unadj],کاما,1398-12-14,32560.0,,corporate_action,factor 0.00216462 -> 0.0216523 and stays there (permanent rebase) -- legitimate
units,marketdata_marketcandle[1d_unadj],کاما,1399-01-05,26747.0,,corporate_action,factor 0.00216499 -> 0.0216473 and stays there (permanent rebase) -- legitimate
units,marketdata_marketcandle[1d_unadj],کاما,1399-01-09,27898.0,,corporate_action,factor 0.00216621 -> 0.0216503 and stays there (permanent rebase) -- legitimate
units,marketdata_marketcandle[1d_unadj],کاما,1399-01-16,30908.0,,corporate_action,factor 0.00216465 -> 0.0216449 and stays there (permanent rebase) -- legitimate
units,marketdata_marketcandle[1d_unadj],کاما,1399-02-06,46066.0,,corporate_action,factor 0.00216637 -> 0.0216646 and stays there (permanent rebase) -- legitimate
units,marketdata_marketcandle[1d_unadj],کاما,1399-02-13,52761.0,,corporate_action,factor 0.0021654 -> 0.0216637 and stays there (permanent rebase) -- legitimate
units,marketdata_marketcandle[1d_unadj],کاما,1399-02-27,56816.0,,corporate_action,factor 0.00216527 -> 0.0216664 and stays there (permanent rebase) -- legitimate
units,marketdata_marketcandle[1d_unadj],کاما,1399-03-03,70380.0,,corporate_action,factor 0.00216548 -> 0.0216539 and stays there (permanent rebase) -- legitimate
units,marketdata_marketcandle[1d_unadj],کاما,1399-03-10,81455.0,,corporate_action,factor 0.00215141 -> 0.0215088 and stays there (permanent rebase) -- legitimate
units,marketdata_marketcandle[1d_unadj],کاما,1399-03-17,93151.0,,corporate_action,factor 0.00215181 -> 0.0215135 and stays there (permanent rebase) -- legitimate
units,marketdata_marketcandle[1d_unadj],کاما,1399-03-24,118880.0,,corporate_action,factor 0.00215151 -> 0.0215175 and stays there (permanent rebase) -- legitimate
units,marketdata_marketcandle[1d_unadj],کاما,1399-04-03,187000.0,,corporate_action,factor 0.00215169 -> 0.0216257 and stays there (permanent rebase) -- legitimate
units,marketdata_marketcandle[1d_unadj],کاما,1399-09-29,22270.0,,corporate_action,factor 0.0216251 -> 0.21621 and stays there (permanent rebase) -- legitimate
units,marketdata_marketcandle[1d_unadj],کاما,1399-10-20,23750.0,,corporate_action,factor 0.0216194 -> 0.216211 and stays there (permanent rebase) -- legitimate
units,marketdata_marketcandle[1d_unadj],کاما,1400-01-10,14000.0,,corporate_action,factor 0.0216197 -> 0.216214 and stays there (permanent rebase) -- legitimate
units,marketdata_marketcandle[1d_unadj],کاما,1400-04-26,11850.0,,corporate_action,factor 0.0219512 -> 0.219494 and stays there (permanent rebase) -- legitimate
units,marketdata_marketcandle[1d_unadj],کاما,1401-01-06,6130.0,,corporate_action,factor 0.021943 -> 0.219413 and stays there (permanent rebase) -- legitimate
units,marketdata_marketcandle[1d_unadj],کاما,1401-05-18,4722.0,,corporate_action,factor 0.0220671 -> 0.220669 and stays there (permanent rebase) -- legitimate
units,marketdata_marketcandle[1d_unadj],کاما,1401-06-05,5370.0,,corporate_action,factor 0.0220508 -> 0.22067 and stays there (permanent rebase) -- legitimate
units,marketdata_marketcandle[1d_unadj],کاما,1401-07-04,4555.0,,corporate_action,factor 0.0220612 -> 0.220637 and stays there (permanent rebase) -- legitimate
units,marketdata_marketcandle[1d_unadj],کاما,1401-07-06,4605.0,,corporate_action,factor 0.0220637 -> 0.22063 and stays there (permanent rebase) -- legitimate
units,marketdata_marketcandle[1d_unadj],کاما,1401-07-09,4420.0,,corporate_action,factor 0.022063 -> 0.220588 and stays there (permanent rebase) -- legitimate
units,marketdata_marketcandle[1d_unadj],کاما,1401-07-16,4305.0,,corporate_action,factor 0.0220524 -> 0.220674 and stays there (permanent rebase) -- legitimate
units,marketdata_marketcandle[1d_unadj],کاما,1401-07-23,4228.0,,corporate_action,factor 0.0220521 -> 0.220672 and stays there (permanent rebase) -- legitimate
units,marketdata_marketcandle[1d_unadj],کاما,1401-07-30,4145.0,,corporate_action,factor 0.022056 -> 0.220507 and stays there (permanent rebase) -- legitimate
units,marketdata_marketcandle[1d_unadj],کاما,1401-08-07,3632.0,,corporate_action,factor 0.0220504 -> 0.22054 and stays there (permanent rebase) -- legitimate
units,marketdata_marketcandle[1d_unadj],کاما,1401-08-14,4329.0,,corporate_action,factor 0.0220585 -> 0.220605 and stays there (permanent rebase) -- legitimate
units,marketdata_marketcandle[1d_unadj],کاما,1401-09-26,6050.0,,corporate_action,factor 0.0220665 -> 0.220661 and stays there (permanent rebase) -- legitimate
units,marketdata_marketcandle[1d_unadj],کاما,1402-01-05,4700.0,,corporate_action,factor 0.0441203 -> 0.441064 and stays there (permanent rebase) -- legitimate
units,marketdata_marketcandle[1d_unadj],کاما,1402-01-14,4686.0,,corporate_action,factor 0.044117 -> 0.441101 and stays there (permanent rebase) -- legitimate
units,marketdata_marketcandle[1d_unadj],کاما,1402-01-19,5390.0,,corporate_action,factor 0.0441188 -> 0.441187 and stays there (permanent rebase) -- legitimate
units,marketdata_marketcandle[1d_unadj],کاما,1402-03-06,6230.0,,corporate_action,factor 0.0441088 -> 0.441091 and stays there (permanent rebase) -- legitimate
units,marketdata_marketcandle[1d_unadj],کاما,1402-03-13,6070.0,,corporate_action,factor 0.0441128 -> 0.441186 and stays there (permanent rebase) -- legitimate
units,marketdata_marketcandle[1d_unadj],کاما,1402-04-03,5360.0,,corporate_action,factor 0.0441176 -> 0.441231 and stays there (permanent rebase) -- legitimate
units,marketdata_marketcandle[1d_unadj],کاما,1402-04-31,4385.0,,corporate_action,factor 0.0445294 -> 0.445154 and stays there (permanent rebase) -- legitimate
units,marketdata_marketcandle[1d_unadj],کاما,1402-05-07,4397.0,,corporate_action,factor 0.0445138 -> 0.445304 and stays there (permanent rebase) -- legitimate
units,marketdata_marketcandle[1d_unadj],کاما,1402-05-14,4850.0,,corporate_action,factor 0.0445299 -> 0.445155 and stays there (permanent rebase) -- legitimate
units,marketdata_marketcandle[1d_unadj],کاما,1402-06-04,4450.0,,corporate_action,factor 0.0445187 -> 0.445169 and stays there (permanent rebase) -- legitimate
units,marketdata_marketcandle[1d_unadj],کاما,1402-06-11,4955.0,,corporate_action,factor 0.0445212 -> 0.445207 and stays there (permanent rebase) -- legitimate
units,marketdata_marketcandle[1d_unadj],کاما,1402-07-29,4460.0,,corporate_action,factor 0.0445297 -> 0.445291 and stays there (permanent rebase) -- legitimate
units,marketdata_marketcandle[1d_unadj],کاما,1402-08-06,3966.0,,corporate_action,factor 0.0445318 -> 0.445285 and stays there (permanent rebase) -- legitimate
units,marketdata_marketcandle[1d_unadj],کاما,1402-08-13,4236.0,,corporate_action,factor 0.0445216 -> 0.445231 and stays there (permanent rebase) -- legitimate
units,marketdata_marketcandle[1d_unadj],کاما,1402-08-20,4567.0,,corporate_action,factor 0.0445232 -> 0.44515 and stays there (permanent rebase) -- legitimate
units,marketdata_marketcandle[1d_unadj],کاما,1402-08-27,4421.0,,corporate_action,factor 0.0445157 -> 0.445148 and stays there (permanent rebase) -- legitimate
units,marketdata_marketcandle[1d_unadj],کاما,1402-09-04,4425.0,,corporate_action,factor 0.0445262 -> 0.445198 and stays there (permanent rebase) -- legitimate
units,marketdata_marketcandle[1d_unadj],کاما,1402-09-11,5000.0,,corporate_action,factor 0.0445304 -> 0.4452 and stays there (permanent rebase) -- legitimate
units,marketdata_marketcandle[1d_unadj],کاما,1402-09-18,4775.0,,corporate_action,factor 0.0445284 -> 0.445236 and stays there (permanent rebase) -- legitimate
units,marketdata_marketcandle[1d_unadj],کاما,1402-09-25,4948.0,,corporate_action,factor 0.0445187 -> 0.44523 and stays there (permanent rebase) -- legitimate
units,marketdata_marketcandle[1d_unadj],کاما,1402-09-27,5095.0,,corporate_action,factor 0.044523 -> 0.445142 and stays there (permanent rebase) -- legitimate
units,marketdata_marketcandle[1d_unadj],کاما,1402-10-02,4892.0,,corporate_action,factor 0.04453 -> 0.445217 and stays there (permanent rebase) -- legitimate
units,marketdata_marketcandle[1d_unadj],کاما,1402-10-16,4851.0,,corporate_action,factor 0.0445135 -> 0.445269 and stays there (permanent rebase) -- legitimate
units,marketdata_marketcandle[1d_unadj],کاما,1402-10-30,4800.0,,corporate_action,factor 0.0445189 -> 0.445208 and stays there (permanent rebase) -- legitimate
units,marketdata_marketcandle[1d_unadj],کاما,1402-11-14,4690.0,,corporate_action,factor 0.0445287 -> 0.445203 and stays there (permanent rebase) -- legitimate
units,marketdata_marketcandle[1d_unadj],کاما,1402-11-21,4599.0,,corporate_action,factor 0.0445179 -> 0.445314 and stays there (permanent rebase) -- legitimate
units,marketdata_marketcandle[1d_unadj],کاما,1402-11-23,4547.0,,corporate_action,factor 0.0445314 -> 0.445129 and stays there (permanent rebase) -- legitimate
units,marketdata_marketcandle[1d_unadj],کاما,1403-01-05,3583.0,,corporate_action,factor 0.0667945 -> 0.667876 and stays there (permanent rebase) -- legitimate
units,marketdata_marketcandle[1d_unadj],کاما,1403-01-11,3700.0,,corporate_action,factor 0.066792 -> 0.667838 and stays there (permanent rebase) -- legitimate
units,marketdata_marketcandle[1d_unadj],کاما,1403-01-18,3350.0,,corporate_action,factor 0.0667728 -> 0.667761 and stays there (permanent rebase) -- legitimate
units,marketdata_marketcandle[1d_unadj],کاما,1403-01-25,3270.0,,corporate_action,factor 0.066781 -> 0.66789 and stays there (permanent rebase) -- legitimate
units,marketdata_marketcandle[1d_unadj],کاما,1403-02-01,3540.0,,corporate_action,factor 0.0667773 -> 0.667797 and stays there (permanent rebase) -- legitimate
units,marketdata_marketcandle[1d_unadj],کاما,1403-02-08,4067.0,,corporate_action,factor 0.0667887 -> 0.667814 and stays there (permanent rebase) -- legitimate
units,marketdata_marketcandle[1d_unadj],کاما,1403-02-16,3890.0,,corporate_action,factor 0.066794 -> 0.667866 and stays there (permanent rebase) -- legitimate
units,marketdata_marketcandle[1d_unadj],کاما,1403-02-22,3875.0,,corporate_action,factor 0.0667957 -> 0.667871 and stays there (permanent rebase) -- legitimate
units,marketdata_marketcandle[1d_unadj],کاما,1403-03-01,3553.0,,corporate_action,factor 0.0667801 -> 0.667886 and stays there (permanent rebase) -- legitimate
units,marketdata_marketcandle[1d_unadj],کاما,1403-03-05,3479.0,,corporate_action,factor 0.0667886 -> 0.667721 and stays there (permanent rebase) -- legitimate
units,marketdata_marketcandle[1d_unadj],کاما,1403-03-12,3447.0,,corporate_action,factor 0.0667899 -> 0.667827 and stays there (permanent rebase) -- legitimate
units,marketdata_marketcandle[1d_unadj],کاما,1403-03-16,3340.0,,corporate_action,factor 0.0667945 -> 0.667964 and stays there (permanent rebase) -- legitimate
units,marketdata_marketcandle[1d_unadj],کاما,1403-03-26,3095.0,,corporate_action,factor 0.0667839 -> 0.667851 and stays there (permanent rebase) -- legitimate
units,marketdata_marketcandle[1d_unadj],کاما,1403-03-29,3069.0,,corporate_action,factor 0.0667966 -> 0.66797 and stays there (permanent rebase) -- legitimate
units,marketdata_marketcandle[1d_unadj],کاما,1403-04-06,3074.0,,corporate_action,factor 0.0667876 -> 0.667859 and stays there (permanent rebase) -- legitimate
units,marketdata_marketcandle[1d_unadj],کاما,1403-04-09,3162.0,,corporate_action,factor 0.0667859 -> 0.667932 and stays there (permanent rebase) -- legitimate
units,marketdata_marketcandle[1d_unadj],کاما,1403-04-30,2937.0,,corporate_action,factor 0.0671855 -> 0.671774 and stays there (permanent rebase) -- legitimate
units,marketdata_marketcandle[1d_unadj],کاما,1403-05-06,2700.0,,corporate_action,factor 0.0671748 -> 0.671852 and stays there (permanent rebase) -- legitimate
units,marketdata_marketcandle[1d_unadj],کاما,1403-05-13,2340.0,,corporate_action,factor 0.0671869 -> 0.671795 and stays there (permanent rebase) -- legitimate
units,marketdata_marketcandle[1d_unadj],کاما,1403-05-20,2282.0,,corporate_action,factor 0.0671596 -> 0.671779 and stays there (permanent rebase) -- legitimate
units,marketdata_marketcandle[1d_unadj],کاما,1403-05-27,2318.0,,corporate_action,factor 0.0671923 -> 0.6717 and stays there (permanent rebase) -- legitimate
units,marketdata_marketcandle[1d_unadj],کاما,1403-06-05,2382.0,,corporate_action,factor 0.0671882 -> 0.671704 and stays there (permanent rebase) -- legitimate
units,marketdata_marketcandle[1d_unadj],کاما,1403-06-10,2475.0,,corporate_action,factor 0.0671875 -> 0.671919 and stays there (permanent rebase) -- legitimate
units,marketdata_marketcandle[1d_unadj],کاما,1403-06-13,2526.0,,corporate_action,factor 0.0671949 -> 0.671813 and stays there (permanent rebase) -- legitimate
units,marketdata_marketcandle[1d_unadj],کاما,1403-06-17,2597.0,,corporate_action,factor 0.0671813 -> 0.671929 and stays there (permanent rebase) -- legitimate
units,marketdata_marketcandle[1d_unadj],کاما,1403-07-01,2588.0,,corporate_action,factor 0.0671698 -> 0.671947 and stays there (permanent rebase) -- legitimate
units,marketdata_marketcandle[1d_unadj],کاما,1403-07-07,2684.0,,corporate_action,factor 0.0671647 -> 0.671759 and stays there (permanent rebase) -- legitimate
units,marketdata_marketcandle[1d_unadj],کاما,1403-07-21,2610.0,,corporate_action,factor 0.0671687 -> 0.671648 and stays there (permanent rebase) -- legitimate
units,marketdata_marketcandle[1d_unadj],کاما,1403-08-05,2440.0,,corporate_action,factor 0.0671713 -> 0.671721 and stays there (permanent rebase) -- legitimate
units,marketdata_marketcandle[1d_unadj],کاما,1403-08-12,2283.0,,corporate_action,factor 0.0671788 -> 0.671923 and stays there (permanent rebase) -- legitimate
units,marketdata_marketcandle[1d_unadj],کاما,1403-08-26,2516.0,,corporate_action,factor 0.0671971 -> 0.671701 and stays there (permanent rebase) -- legitimate
units,marketdata_marketcandle[1d_unadj],کاما,1403-09-10,2851.0,,corporate_action,factor 0.0671934 -> 0.671694 and stays there (permanent rebase) -- legitimate
units,marketdata_marketcandle[1d_unadj],کاما,1403-09-17,3045.0,,corporate_action,factor 0.067168 -> 0.671921 and stays there (permanent rebase) -- legitimate
units,marketdata_marketcandle[1d_unadj],کاما,1403-10-01,3201.0,,corporate_action,factor 0.067167 -> 0.671665 and stays there (permanent rebase) -- legitimate
units,marketdata_marketcandle[1d_unadj],کاما,1403-10-09,3011.0,,corporate_action,factor 0.0671676 -> 0.67187 and stays there (permanent rebase) -- legitimate
units,marketdata_marketcandle[1d_unadj],کاما,1403-10-15,3019.0,,corporate_action,factor 0.0671774 -> 0.671746 and stays there (permanent rebase) -- legitimate
units,marketdata_marketcandle[1d_unadj],کاما,1403-10-22,3418.0,,corporate_action,factor 0.0671722 -> 0.671738 and stays there (permanent rebase) -- legitimate
units,marketdata_marketcandle[1d_unadj],کاما,1403-10-26,3468.0,,corporate_action,factor 0.0671689 -> 0.671857 and stays there (permanent rebase) -- legitimate
units,marketdata_marketcandle[1d_unadj],کاما,1403-11-06,3197.0,,corporate_action,factor 0.0671909 -> 0.67188 and stays there (permanent rebase) -- legitimate
units,marketdata_marketcandle[1d_unadj],کاما,1403-11-10,2964.0,,corporate_action,factor 0.0671798 -> 0.671727 and stays there (permanent rebase) -- legitimate
units,marketdata_marketcandle[1d_unadj],کاما,1403-11-13,2888.0,,corporate_action,factor 0.0671727 -> 0.671745 and stays there (permanent rebase) -- legitimate
units,marketdata_marketcandle[1d_unadj],کاما,1403-11-21,2954.0,,corporate_action,factor 0.0671906 -> 0.671632 and stays there (permanent rebase) -- legitimate
units,marketdata_marketcandle[1d_unadj],کاما,1403-11-23,2913.0,,corporate_action,factor 0.0671632 -> 0.671816 and stays there (permanent rebase) -- legitimate
units,marketdata_marketcandle[1d_unadj],کاما,1403-11-27,2830.0,,corporate_action,factor 0.0671816 -> 0.671731 and stays there (permanent rebase) -- legitimate
units,marketdata_marketcandle[1d_unadj],کاما,1403-12-05,2840.0,,corporate_action,factor 0.0671647 -> 0.671831 and stays there (permanent rebase) -- legitimate
units,marketdata_marketcandle[1d_unadj],کاما,1403-12-11,2815.0,,corporate_action,factor 0.0671761 -> 0.671758 and stays there (permanent rebase) -- legitimate
units,marketdata_marketcandle[1d_unadj],کاما,1403-12-18,2552.0,,corporate_action,factor 0.0671845 -> 0.67163 and stays there (permanent rebase) -- legitimate
units,marketdata_marketcandle[1d_unadj],کاما,1404-01-06,2566.0,,corporate_action,factor 0.067175 -> 0.671863 and stays there (permanent rebase) -- legitimate
units,marketdata_marketcandle[1d_unadj],کاما,1404-01-09,2488.0,,corporate_action,factor 0.0671863 -> 0.671624 and stays there (permanent rebase) -- legitimate
units,marketdata_marketcandle[1d_unadj],کاما,1404-01-16,2522.0,,corporate_action,factor 0.0671839 -> 0.671689 and stays there (permanent rebase) -- legitimate
units,marketdata_marketcandle[1d_unadj],کاما,1404-01-30,2681.0,,corporate_action,factor 0.0671869 -> 0.671764 and stays there (permanent rebase) -- legitimate
units,marketdata_marketcandle[1d_unadj],کاما,1404-02-06,2933.0,,corporate_action,factor 0.0671886 -> 0.671667 and stays there (permanent rebase) -- legitimate
units,marketdata_marketcandle[1d_unadj],کاما,1404-02-13,3026.0,,corporate_action,factor 0.0671675 -> 0.671844 and stays there (permanent rebase) -- legitimate
units,marketdata_marketcandle[1d_unadj],کاما,1404-02-25,2971.0,,corporate_action,factor 0.671828 -> 0.0671828 and stays there (permanent rebase) -- legitimate
units,marketdata_marketcandle[1d_unadj],کاما,1404-05-04,2068.0,,corporate_action,factor 0.075486 -> 0.754836 and stays there (permanent rebase) -- legitimate
units,marketdata_marketcandle[1d_unadj],کاما,1404-05-12,1929.0,,corporate_action,factor 0.0754882 -> 0.754795 and stays there (permanent rebase) -- legitimate
units,marketdata_marketcandle[1d_unadj],کاما,1404-05-18,1920.0,,corporate_action,factor 0.075496 -> 0.755208 and stays there (permanent rebase) -- legitimate
units,marketdata_marketcandle[1d_unadj],کاما,1404-05-25,1740.0,,corporate_action,factor 0.075522 -> 0.755172 and stays there (permanent rebase) -- legitimate
units,marketdata_marketcandle[1d_unadj],کاما,1404-06-01,1732.0,,corporate_action,factor 0.0755217 -> 0.755196 and stays there (permanent rebase) -- legitimate
units,marketdata_marketcandle[1d_unadj],کاما,1404-06-03,1695.0,,corporate_action,factor 0.0755196 -> 0.755162 and stays there (permanent rebase) -- legitimate
units,marketdata_marketcandle[1d_unadj],کاما,1404-06-08,1648.0,,corporate_action,factor 0.0754931 -> 0.754854 and stays there (permanent rebase) -- legitimate
units,marketdata_marketcandle[1d_unadj],کاما,1404-06-11,1746.0,,corporate_action,factor 0.0754862 -> 0.754868 and stays there (permanent rebase) -- legitimate
units,marketdata_marketcandle[1d_unadj],کاما,1404-06-15,1818.0,,corporate_action,factor 0.0755194 -> 0.755226 and stays there (permanent rebase) -- legitimate
units,marketdata_marketcandle[1d_unadj],کاما,1404-06-22,2030.0,,corporate_action,factor 0.0754947 -> 0.755172 and stays there (permanent rebase) -- legitimate
units,marketdata_marketcandle[1d_unadj],کاما,1404-06-29,1880.0,,corporate_action,factor 0.0754902 -> 0.754787 and stays there (permanent rebase) -- legitimate
units,marketdata_marketcandle[1d_unadj],کاما,1404-07-05,1924.0,,corporate_action,factor 0.0755245 -> 0.755198 and stays there (permanent rebase) -- legitimate
units,marketdata_marketcandle[1d_unadj],کاما,1404-07-12,2050.0,,corporate_action,factor 0.0754877 -> 0.755122 and stays there (permanent rebase) -- legitimate
units,marketdata_marketcandle[1d_unadj],کاما,1404-07-20,2284.0,,corporate_action,factor 0.0754937 -> 0.754816 and stays there (permanent rebase) -- legitimate
units,marketdata_marketcandle[1d_unadj],کاما,1404-07-26,2434.0,,corporate_action,factor 0.0755119 -> 0.755136 and stays there (permanent rebase) -- legitimate
units,marketdata_marketcandle[1d_unadj],کاما,1404-08-03,2326.0,,corporate_action,factor 0.0754898 -> 0.754944 and stays there (permanent rebase) -- legitimate
units,marketdata_marketcandle[1d_unadj],کاما,1404-08-10,2594.0,,corporate_action,factor 0.0755102 -> 0.755204 and stays there (permanent rebase) -- legitimate
units,marketdata_marketcandle[1d_unadj],کاما,1404-08-17,2575.0,,corporate_action,factor 0.0755063 -> 0.754951 and stays there (permanent rebase) -- legitimate
units,marketdata_marketcandle[1d_unadj],کاما,1404-09-01,2442.0,,corporate_action,factor 0.075521 -> 0.755119 and stays there (permanent rebase) -- legitimate
units,marketdata_marketcandle[1d_unadj],کاما,1404-09-04,2526.0,,corporate_action,factor 0.0755135 -> 0.754949 and stays there (permanent rebase) -- legitimate
units,marketdata_marketcandle[1d_unadj],کاما,1404-09-08,2413.0,,corporate_action,factor 0.0755143 -> 0.755077 and stays there (permanent rebase) -- legitimate
units,marketdata_marketcandle[1d_unadj],کاما,1404-09-22,3011.0,,corporate_action,factor 0.0754872 -> 0.754899 and stays there (permanent rebase) -- legitimate
units,marketdata_marketcandle[1d_unadj],کاما,1404-09-29,3274.0,,corporate_action,factor 0.0754881 -> 0.75504 and stays there (permanent rebase) -- legitimate
units,marketdata_marketcandle[1d_unadj],کاما,1404-10-06,3250.0,,corporate_action,factor 0.075509 -> 0.755077 and stays there (permanent rebase) -- legitimate
units,marketdata_marketcandle[1d_unadj],کاما,1404-10-14,3227.0,,corporate_action,factor 0.0755114 -> 0.754881 and stays there (permanent rebase) -- legitimate
units,marketdata_marketcandle[1d_unadj],کاما,1404-11-04,3091.0,,corporate_action,factor 0.0754911 -> 0.755095 and stays there (permanent rebase) -- legitimate
units,marketdata_marketcandle[1d_unadj],کایتا,1399-07-07,18426.0,,corporate_action,factor 0.0348091 -> 0.417508 and stays there (permanent rebase) -- legitimate
units,marketdata_marketcandle[1d_unadj],کرازی,1400-06-02,1260.0,,corporate_action,factor 0.0344005 -> 0.493651 and stays there (permanent rebase) -- legitimate
units,marketdata_marketcandle[1d_unadj],کرمان,1400-02-01,1214.0,,corporate_action,factor 0.0255358 -> 0.981054 and stays there (permanent rebase) -- legitimate
units,marketdata_marketcandle[1d_unadj],کسرا,1395-08-15,4750.0,,corporate_action,factor 0.00568639 -> 0.068 and stays there (permanent rebase) -- legitimate
units,marketdata_marketcandle[1d_unadj],کسرام,1399-08-10,5610.0,,corporate_action,factor 0.060947 -> 0.996791 and stays there (permanent rebase) -- legitimate
units,marketdata_marketcandle[1d_unadj],کفپارس,1380-03-13,17000.0,,corporate_action,factor 0.00358824 -> 0.0402353 and stays there (permanent rebase) -- legitimate
units,marketdata_marketcandle[1d_unadj],کفپارس,1380-03-19,17250.0,,corporate_action,factor 0.00360465 -> 0.0402319 and stays there (permanent rebase) -- legitimate
units,marketdata_marketcandle[1d_unadj],کفپارس,1380-04-12,16998.0,,corporate_action,factor 0.00356725 -> 0.04024 and stays there (permanent rebase) -- legitimate
units,marketdata_marketcandle[1d_unadj],کفپارس,1380-04-16,16600.0,,corporate_action,factor 0.00357532 -> 0.040241 and stays there (permanent rebase) -- legitimate
units,marketdata_marketcandle[1d_unadj],کفپارس,1380-04-27,17390.0,,corporate_action,factor 0.00362111 -> 0.040253 and stays there (permanent rebase) -- legitimate
units,marketdata_marketcandle[1d_unadj],کفپارس,1380-05-10,18300.0,,corporate_action,factor 0.00361533 -> 0.0402732 and stays there (permanent rebase) -- legitimate
units,marketdata_marketcandle[1d_unadj],کفپارس,1380-06-18,19000.0,,corporate_action,factor 0.00363158 -> 0.0402632 and stays there (permanent rebase) -- legitimate
units,marketdata_marketcandle[1d_unadj],کفپارس,1380-09-11,18200.0,,corporate_action,factor 0.00357143 -> 0.0402747 and stays there (permanent rebase) -- legitimate
units,marketdata_marketcandle[1d_unadj],کفپارس,1399-08-07,9830.0,,corporate_action,factor 0.0385202 -> 0.623703 and stays there (permanent rebase) -- legitimate
units,marketdata_marketcandle[1d_unadj],کلر,1404-05-07,4629.0,,corporate_action,factor 0.0802974 -> 0.902787 and stays there (permanent rebase) -- legitimate
units,marketdata_marketcandle[1d_unadj],کلوند,1403-01-07,5116.0,,corporate_action,factor 0.0565291 -> 0.543784 and stays there (permanent rebase) -- legitimate
units,marketdata_marketcandle[1d_unadj],کمرجان,1400-09-30,5153.0,,corporate_action,factor 0.0357521 -> 0.344071 and stays there (permanent rebase) -- legitimate
units,marketdata_marketcandle[1d_unadj],کورز,1402-02-12,6540.0,,corporate_action,factor 0.00926664 -> 0.926606 and stays there (permanent rebase) -- legitimate
units,marketdata_marketcandle[1d_unadj],کپارس,1400-09-30,6780.0,,corporate_action,factor 0.0323882 -> 0.425221 and stays there (permanent rebase) -- legitimate
units,marketdata_marketcandle[1d_unadj],گکوثر,1399-10-07,5400.0,,corporate_action,factor 0.0211005 -> 0.73463 and stays there (permanent rebase) -- legitimate
crosstable,marketcandle_vs_dailystockhistory,سپید,1402-01-07,21430.0,,unit_error,"unadj_candle=21430 history_pl=2143 ratio=10.000; adjusted=5914 does not arbitrate, left unrepaired"
crosstable,marketcandle_vs_dailystockhistory,شپلی,1402-01-07,10480.0,,unit_error,"unadj_candle=10480 history_pl=1048 ratio=10.000; adjusted=1336 does not arbitrate, left unrepaired"
crosstable,marketcandle_vs_dailystockhistory,مارون,1402-01-07,181450.0,,unit_error,"unadj_candle=181450 history_pl=18145 ratio=10.000; adjusted=54172 does not arbitrate, left unrepaired"
crosstable,marketcandle_vs_dailystockhistory,دارو,1402-01-07,25000.0,,unit_error,"unadj_candle=25000 history_pl=2500 ratio=10.000; adjusted=958 does not arbitrate, left unrepaired"
crosstable,marketcandle_vs_dailystockhistory,کاما,1394-02-14,895.5,,unit_error,"unadj_candle=895.5 history_pl=8955 ratio=0.100; adjusted=3.2 does not arbitrate, left unrepaired"
crosstable,marketcandle_vs_dailystockhistory,کاما,1390-11-26,2282.0,,unit_error,unadj_candle=2282 history_pl=22820 ratio=0.100; no adjusted row to arbitrate
crosstable,marketcandle_vs_dailystockhistory,کاما,1390-11-29,2282.0,,unit_error,unadj_candle=2282 history_pl=22820 ratio=0.100; no adjusted row to arbitrate
crosstable,marketcandle_vs_dailystockhistory,کاما,1394-02-07,895.5,,unit_error,"unadj_candle=895.5 history_pl=8955 ratio=0.100; adjusted=3.2 does not arbitrate, left unrepaired"
crosstable,marketcandle_vs_dailystockhistory,کاما,1394-02-08,895.5,,unit_error,"unadj_candle=895.5 history_pl=8955 ratio=0.100; adjusted=3.2 does not arbitrate, left unrepaired"
crosstable,marketcandle_vs_dailystockhistory,کاما,1394-02-13,895.5,,unit_error,"unadj_candle=895.5 history_pl=8955 ratio=0.100; adjusted=3.2 does not arbitrate, left unrepaired"
crosstable,marketcandle_vs_dailystockhistory,کاما,1394-02-09,895.5,,unit_error,"unadj_candle=895.5 history_pl=8955 ratio=0.100; adjusted=3.2 does not arbitrate, left unrepaired"
crosstable,marketcandle_vs_dailystockhistory,کاما,1390-11-30,2282.0,,unit_error,unadj_candle=2282 history_pl=22820 ratio=0.100; no adjusted row to arbitrate
crosstable,marketcandle_vs_dailystockhistory,کاما,1402-12-15,425.0,,suspect,unadj_candle=425 history_pl=2833 ratio=0.150; no adjusted row to arbitrate
crosstable,marketcandle_vs_dailystockhistory,کاما,1402-12-16,425.0,,suspect,unadj_candle=425 history_pl=2833 ratio=0.150; no adjusted row to arbitrate
crosstable,marketcandle_vs_dailystockhistory,کاما,1402-12-14,425.0,,suspect,unadj_candle=425 history_pl=2833 ratio=0.150; no adjusted row to arbitrate
crosstable,marketcandle_vs_dailystockhistory,کاما,1397-04-03,988.5,,suspect,"unadj_candle=988.5 history_pl=4943 ratio=0.200; adjusted=10.5 does not arbitrate, left unrepaired"
crosstable,marketcandle_vs_dailystockhistory,کاما,1401-12-20,848.0,,suspect,unadj_candle=848 history_pl=4240 ratio=0.200; no adjusted row to arbitrate
crosstable,marketcandle_vs_dailystockhistory,کاما,1401-12-14,848.0,,suspect,unadj_candle=848 history_pl=4240 ratio=0.200; no adjusted row to arbitrate
crosstable,marketcandle_vs_dailystockhistory,کاما,1401-12-15,848.0,,suspect,unadj_candle=848 history_pl=4240 ratio=0.200; no adjusted row to arbitrate
crosstable,marketcandle_vs_dailystockhistory,کاما,1401-12-16,848.0,,suspect,unadj_candle=848 history_pl=4240 ratio=0.200; no adjusted row to arbitrate
crosstable,marketcandle_vs_dailystockhistory,کاما,1405-02-20,2480.0,,suspect,unadj_candle=2480 history_pl=1919 ratio=1.292; no adjusted row to arbitrate
crosstable,marketcandle_vs_dailystockhistory,کاما,1405-02-22,2480.0,,suspect,unadj_candle=2480 history_pl=1919 ratio=1.292; no adjusted row to arbitrate
crosstable,marketcandle_vs_dailystockhistory,کاما,1405-02-23,2480.0,,suspect,unadj_candle=2480 history_pl=1919 ratio=1.292; no adjusted row to arbitrate
crosstable,marketcandle_vs_dailystockhistory,کاما,1405-02-29,2480.0,,suspect,unadj_candle=2480 history_pl=1919 ratio=1.292; no adjusted row to arbitrate
crosstable,marketcandle_vs_dailystockhistory,کاما,1405-02-30,2480.0,,suspect,unadj_candle=2480 history_pl=1919 ratio=1.292; no adjusted row to arbitrate
crosstable,marketcandle_vs_dailystockhistory,کاما,1405-02-26,2480.0,,suspect,unadj_candle=2480 history_pl=1919 ratio=1.292; no adjusted row to arbitrate
crosstable,marketcandle_vs_dailystockhistory,کاما,1405-02-27,2480.0,,suspect,unadj_candle=2480 history_pl=1919 ratio=1.292; no adjusted row to arbitrate
crosstable,marketcandle_vs_dailystockhistory,کاما,1405-02-28,2480.0,,suspect,unadj_candle=2480 history_pl=1919 ratio=1.292; no adjusted row to arbitrate
crosstable,marketcandle_vs_dailystockhistory,کاما,1405-02-19,2480.0,,suspect,unadj_candle=2480 history_pl=1919 ratio=1.292; no adjusted row to arbitrate
crosstable,marketcandle_vs_dailystockhistory,کاما,1405-02-21,2480.0,,suspect,unadj_candle=2480 history_pl=1919 ratio=1.292; no adjusted row to arbitrate
crosstable,marketcandle_vs_dailystockhistory,کاما,1405-02-16,2480.0,,suspect,unadj_candle=2480 history_pl=1919 ratio=1.292; no adjusted row to arbitrate
crosstable,marketcandle_vs_dailystockhistory,کاما,1404-04-22,2540.0,,suspect,unadj_candle=2540 history_pl=2260 ratio=1.124; no adjusted row to arbitrate
crosstable,marketcandle_vs_dailystockhistory,کاما,1397-04-02,9885.0,,suspect,"unadj_candle=9885 history_pl=8885 ratio=1.113; adjusted=10.5 does not arbitrate, left unrepaired"
crosstable,marketcandle_vs_dailystockhistory,گنگین2,1404-09-16,10400.0,,suspect,"unadj_candle=10400 history_pl=9980 ratio=1.042; adjusted=11463 does not arbitrate, left unrepaired"
crosstable,marketcandle_vs_dailystockhistory,کیمیاتک,1403-04-11,12100.0,,suspect,"unadj_candle=12100 history_pl=12380 ratio=0.977; adjusted=4076 does not arbitrate, left unrepaired"
crosstable,marketcandle_vs_dailystockhistory,کاما,1404-04-18,2540.0,,suspect,unadj_candle=2540 history_pl=2486 ratio=1.022; no adjusted row to arbitrate
crosstable,marketcandle_vs_dailystockhistory,کاما,1404-04-21,2540.0,,suspect,unadj_candle=2540 history_pl=2486 ratio=1.022; no adjusted row to arbitrate
crosstable,marketcandle_vs_dailystockhistory,قپیرا,1404-10-15,11000.0,,suspect,"unadj_candle=11000 history_pl=10790 ratio=1.019; adjusted=11000 does not arbitrate, left unrepaired"
crosstable,marketcandle_vs_dailystockhistory,کاما,1398-03-22,15142.0,,suspect,"unadj_candle=15142 history_pl=14895 ratio=1.017; adjusted=32.3 does not arbitrate, left unrepaired"
crosstable,marketcandle_vs_dailystockhistory,کاما,1398-03-21,15142.0,,suspect,"unadj_candle=15142 history_pl=14895 ratio=1.017; adjusted=32.3 does not arbitrate, left unrepaired"
crosstable,marketcandle_vs_dailystockhistory,وکادو,1403-12-13,4124.0,,suspect,"unadj_candle=4124 history_pl=4190 ratio=0.984; adjusted=2088 does not arbitrate, left unrepaired"
crosstable,marketcandle_vs_dailystockhistory,گنگین,1404-06-26,13660.0,,suspect,"unadj_candle=13660 history_pl=13450 ratio=1.016; adjusted=5990 does not arbitrate, left unrepaired"
crosstable,marketcandle_vs_dailystockhistory,کاما,1400-04-13,8890.0,,suspect,unadj_candle=8890 history_pl=8760 ratio=1.015; no adjusted row to arbitrate
crosstable,marketcandle_vs_dailystockhistory,بزاگرس,1404-05-15,4428.0,,suspect,"unadj_candle=4428 history_pl=4476 ratio=0.989; adjusted=4247 does not arbitrate, left unrepaired"
crosstable,marketcandle_vs_dailystockhistory,قاسم3,1405-04-17,2161.0,,suspect,"unadj_candle=2161 history_pl=2139 ratio=1.010; adjusted=2414 does not arbitrate, left unrepaired"
gold,marketdata_goldcurrencyhistory,AFN,,355.0,,suspect,unit='تومان' n=2339 min=50.00 max=96043.00; max 96043 is 271x the median 355
gold,marketdata_goldcurrencyhistory,AMD,,90.0,,suspect,unit='تومان' n=2035 min=7.00 max=96075.00; max 96075 is 1068x the median 90
gold,marketdata_goldcurrencyhistory,INR,,398.0,,suspect,unit='تومان' n=2515 min=51.00 max=96113.00; max 96113 is 241x the median 398
gold,marketdata_goldcurrencyhistory,RUB,,430.0,,suspect,unit='تومان' n=2509 min=48.00 max=96110.00; max 96110 is 224x the median 430
crypto,marketdata_cryptohistory[close_price_usd],ArbDoge AI,1405-05-05,0.0,,unrecoverable,both USD and Toman prices are non-positive; no defensible reconstruction
crypto,marketdata_cryptohistory[close_price_usd],Baby Grok (babygrok.ai),1405-05-05,0.0,,unrecoverable,both USD and Toman prices are non-positive; no defensible reconstruction
crypto,marketdata_cryptohistory[close_price_usd],Kishu Inu,1405-05-05,0.0,,unrecoverable,both USD and Toman prices are non-positive; no defensible reconstruction
crypto,marketdata_cryptohistory[close_price_usd],Manchester City Fan Token,1405-05-05,0.0,,unrecoverable,both USD and Toman prices are non-positive; no defensible reconstruction
crypto,marketdata_cryptohistory[close_price_usd],Manta Network,1405-05-05,0.0,,unrecoverable,both USD and Toman prices are non-positive; no defensible reconstruction
crypto,marketdata_cryptohistory[close_price_usd],Sperax,1405-05-05,0.0,,unrecoverable,both USD and Toman prices are non-positive; no defensible reconstruction
crypto,marketdata_cryptohistory[close_price_usd],TrueFi,1405-05-05,0.0,,unrecoverable,both USD and Toman prices are non-positive; no defensible reconstruction
crypto,marketdata_cryptohistory[close_price_usd],4-CHAN,1405-05-10,0.0,,unrecoverable,both USD and Toman prices are non-positive; no defensible reconstruction
crypto,marketdata_cryptohistory[close_price_usd],AI PEPE KING,1405-05-10,0.0,,unrecoverable,both USD and Toman prices are non-positive; no defensible reconstruction
crypto,marketdata_cryptohistory[close_price_usd],AiShiba,1405-05-10,0.0,,unrecoverable,both USD and Toman prices are non-positive; no defensible reconstruction
crypto,marketdata_cryptohistory[close_price_usd],ArbDoge AI,1405-05-10,0.0,,unrecoverable,both USD and Toman prices are non-positive; no defensible reconstruction
crypto,marketdata_cryptohistory[close_price_usd],Atlas (AtlasOfUSA),1405-05-10,0.0,,unrecoverable,both USD and Toman prices are non-positive; no defensible reconstruction
crypto,marketdata_cryptohistory[close_price_usd],BIBI,1405-05-10,0.0,,unrecoverable,both USD and Toman prices are non-positive; no defensible reconstruction
crypto,marketdata_cryptohistory[close_price_usd],BNB LION,1405-05-10,0.0,,unrecoverable,both USD and Toman prices are non-positive; no defensible reconstruction
crypto,marketdata_cryptohistory[close_price_usd],BNBcat,1405-05-10,0.0,,unrecoverable,both USD and Toman prices are non-positive; no defensible reconstruction
crypto,marketdata_cryptohistory[close_price_usd],BNBdoge,1405-05-10,0.0,,unrecoverable,both USD and Toman prices are non-positive; no defensible reconstruction
crypto,marketdata_cryptohistory[close_price_usd],BOPPY,1405-05-10,0.0,,unrecoverable,both USD and Toman prices are non-positive; no defensible reconstruction
crypto,marketdata_cryptohistory[close_price_usd],BOZO,1405-05-10,0.0,,unrecoverable,both USD and Toman prices are non-positive; no defensible reconstruction
crypto,marketdata_cryptohistory[close_price_usd],Baby Bonk,1405-05-10,0.0,,unrecoverable,both USD and Toman prices are non-positive; no defensible reconstruction
crypto,marketdata_cryptohistory[close_price_usd],Baby Grok (babygrok.ai),1405-05-10,0.0,,unrecoverable,both USD and Toman prices are non-positive; no defensible reconstruction
crypto,marketdata_cryptohistory[close_price_usd],Baby Neiro BNB,1405-05-10,0.0,,unrecoverable,both USD and Toman prices are non-positive; no defensible reconstruction
crypto,marketdata_cryptohistory[close_price_usd],Baby Troll,1405-05-10,0.0,,unrecoverable,both USD and Toman prices are non-positive; no defensible reconstruction
crypto,marketdata_cryptohistory[close_price_usd],Bank,1405-05-10,0.0,,unrecoverable,both USD and Toman prices are non-positive; no defensible reconstruction
crypto,marketdata_cryptohistory[close_price_usd],Biggie,1405-05-10,0.0,,unrecoverable,both USD and Toman prices are non-positive; no defensible reconstruction
crypto,marketdata_cryptohistory[close_price_usd],Book of Baby Memes,1405-05-10,0.0,,unrecoverable,both USD and Toman prices are non-positive; no defensible reconstruction
crypto,marketdata_cryptohistory[close_price_usd],CHEWY,1405-05-10,0.0,,unrecoverable,both USD and Toman prices are non-positive; no defensible reconstruction
crypto,marketdata_cryptohistory[close_price_usd],CHILI,1405-05-10,0.0,,unrecoverable,both USD and Toman prices are non-positive; no defensible reconstruction
crypto,marketdata_cryptohistory[close_price_usd],Catcoin BSC,1405-05-10,0.0,,unrecoverable,both USD and Toman prices are non-positive; no defensible reconstruction
crypto,marketdata_cryptohistory[close_price_usd],Catgirl,1405-05-10,0.0,,unrecoverable,both USD and Toman prices are non-positive; no defensible reconstruction
crypto,marketdata_cryptohistory[close_price_usd],Cope,1405-05-10,0.0,,unrecoverable,both USD and Toman prices are non-positive; no defensible reconstruction
crypto,marketdata_cryptohistory[close_price_usd],Doge 2.0,1405-05-10,0.0,,unrecoverable,both USD and Toman prices are non-positive; no defensible reconstruction
crypto,marketdata_cryptohistory[close_price_usd],Doge Killer,1405-05-10,0.0,,unrecoverable,both USD and Toman prices are non-positive; no defensible reconstruction
crypto,marketdata_cryptohistory[close_price_usd],Dogey-Inu,1405-05-10,0.0,,unrecoverable,both USD and Toman prices are non-positive; no defensible reconstruction
crypto,marketdata_cryptohistory[close_price_usd],Draggy,1405-05-10,0.0,,unrecoverable,both USD and Toman prices are non-positive; no defensible reconstruction
crypto,marketdata_cryptohistory[close_price_usd],DragonCoin,1405-05-10,0.0,,unrecoverable,both USD and Toman prices are non-positive; no defensible reconstruction
crypto,marketdata_cryptohistory[close_price_usd],ELON’S CAT,1405-05-10,0.0,,unrecoverable,both USD and Toman prices are non-positive; no defensible reconstruction
crypto,marketdata_cryptohistory[close_price_usd],GigaChad,1405-05-10,0.0,,unrecoverable,both USD and Toman prices are non-positive; no defensible reconstruction
crypto,marketdata_cryptohistory[close_price_usd],Gremly,1405-05-10,0.0,,unrecoverable,both USD and Toman prices are non-positive; no defensible reconstruction
crypto,marketdata_cryptohistory[close_price_usd],Grok Girl,1405-05-10,0.0,,unrecoverable,both USD and Toman prices are non-positive; no defensible reconstruction
crypto,marketdata_cryptohistory[close_price_usd],Grok Inu,1405-05-10,0.0,,unrecoverable,both USD and Toman prices are non-positive; no defensible reconstruction
crypto,marketdata_cryptohistory[close_price_usd],HODL,1405-05-10,0.0,,unrecoverable,both USD and Toman prices are non-positive; no defensible reconstruction
crypto,marketdata_cryptohistory[close_price_usd],Hachi,1405-05-10,0.0,,unrecoverable,both USD and Toman prices are non-positive; no defensible reconstruction
crypto,marketdata_cryptohistory[close_price_usd],Hamster,1405-05-10,0.0,,unrecoverable,both USD and Toman prices are non-positive; no defensible reconstruction
crypto,marketdata_cryptohistory[close_price_usd],Homer,1405-05-10,0.0,,unrecoverable,both USD and Toman prices are non-positive; no defensible reconstruction
crypto,marketdata_cryptohistory[close_price_usd],Kishu Inu,1405-05-10,0.0,,unrecoverable,both USD and Toman prices are non-positive; no defensible reconstruction
crypto,marketdata_cryptohistory[close_price_usd],MAGA PEPE (SOL),1405-05-10,0.0,,unrecoverable,both USD and Toman prices are non-positive; no defensible reconstruction
crypto,marketdata_cryptohistory[close_price_usd],Manchester City Fan Token,1405-05-10,0.0,,unrecoverable,both USD and Toman prices are non-positive; no defensible reconstruction
crypto,marketdata_cryptohistory[close_price_usd],MangoMan Intelligent,1405-05-10,0.0,,unrecoverable,both USD and Toman prices are non-positive; no defensible reconstruction
crypto,marketdata_cryptohistory[close_price_usd],Manta Network,1405-05-10,0.0,,unrecoverable,both USD and Toman prices are non-positive; no defensible reconstruction
crypto,marketdata_cryptohistory[close_price_usd],Moge,1405-05-10,0.0,,unrecoverable,both USD and Toman prices are non-positive; no defensible reconstruction
crypto,marketdata_cryptohistory[close_price_usd],Monkey,1405-05-10,0.0,,unrecoverable,both USD and Toman prices are non-positive; no defensible reconstruction
crypto,marketdata_cryptohistory[close_price_usd],Moo,1405-05-10,0.0,,unrecoverable,both USD and Toman prices are non-positive; no defensible reconstruction
crypto,marketdata_cryptohistory[close_price_usd],Mumu,1405-05-10,0.0,,unrecoverable,both USD and Toman prices are non-positive; no defensible reconstruction
crypto,marketdata_cryptohistory[close_price_usd],NFT Art Finance,1405-05-10,0.0,,unrecoverable,both USD and Toman prices are non-positive; no defensible reconstruction
crypto,marketdata_cryptohistory[close_price_usd],OLYMPIC GAMES DOGE,1405-05-10,0.0,,unrecoverable,both USD and Toman prices are non-positive; no defensible reconstruction
crypto,marketdata_cryptohistory[close_price_usd],Oggy Inu,1405-05-10,0.0,,unrecoverable,both USD and Toman prices are non-positive; no defensible reconstruction
crypto,marketdata_cryptohistory[close_price_usd],PEPE Chain,1405-05-10,0.0,,unrecoverable,both USD and Toman prices are non-positive; no defensible reconstruction
crypto,marketdata_cryptohistory[close_price_usd],PIKACHU INU,1405-05-10,0.0,,unrecoverable,both USD and Toman prices are non-positive; no defensible reconstruction
crypto,marketdata_cryptohistory[close_price_usd],Pepa Inu,1405-05-10,0.0,,unrecoverable,both USD and Toman prices are non-positive; no defensible reconstruction
crypto,marketdata_cryptohistory[close_price_usd],Pitbull,1405-05-10,0.0,,unrecoverable,both USD and Toman prices are non-positive; no defensible reconstruction
crypto,marketdata_cryptohistory[close_price_usd],QATAR 2022 TOKEN,1405-05-10,0.0,,unrecoverable,both USD and Toman prices are non-positive; no defensible reconstruction
crypto,marketdata_cryptohistory[close_price_usd],Renewable Energy,1405-05-10,0.0,,unrecoverable,both USD and Toman prices are non-positive; no defensible reconstruction
crypto,marketdata_cryptohistory[close_price_usd],SHIBU INU,1405-05-10,0.0,,unrecoverable,both USD and Toman prices are non-positive; no defensible reconstruction
crypto,marketdata_cryptohistory[close_price_usd],SMILEY,1405-05-10,0.0,,unrecoverable,both USD and Toman prices are non-positive; no defensible reconstruction
crypto,marketdata_cryptohistory[close_price_usd],SPACE DOGE,1405-05-10,0.0,,unrecoverable,both USD and Toman prices are non-positive; no defensible reconstruction
crypto,marketdata_cryptohistory[close_price_usd],Shiba 2.0,1405-05-10,0.0,,unrecoverable,both USD and Toman prices are non-positive; no defensible reconstruction
crypto,marketdata_cryptohistory[close_price_usd],Shiryo,1405-05-10,0.0,,unrecoverable,both USD and Toman prices are non-positive; no defensible reconstruction
crypto,marketdata_cryptohistory[close_price_usd],Sora Doge,1405-05-10,0.0,,unrecoverable,both USD and Toman prices are non-positive; no defensible reconstruction
crypto,marketdata_cryptohistory[close_price_usd],Sperax,1405-05-10,0.0,,unrecoverable,both USD and Toman prices are non-positive; no defensible reconstruction
crypto,marketdata_cryptohistory[close_price_usd],Spore,1405-05-10,0.0,,unrecoverable,both USD and Toman prices are non-positive; no defensible reconstruction
crypto,marketdata_cryptohistory[close_price_usd],TangYuan,1405-05-10,0.0,,unrecoverable,both USD and Toman prices are non-positive; no defensible reconstruction
crypto,marketdata_cryptohistory[close_price_usd],Tesla AI,1405-05-10,0.0,,unrecoverable,both USD and Toman prices are non-positive; no defensible reconstruction
crypto,marketdata_cryptohistory[close_price_usd],The Gm Machine,1405-05-10,0.0,,unrecoverable,both USD and Toman prices are non-positive; no defensible reconstruction
crypto,marketdata_cryptohistory[close_price_usd],TrueFi,1405-05-10,0.0,,unrecoverable,both USD and Toman prices are non-positive; no defensible reconstruction
crypto,marketdata_cryptohistory[close_price_usd],Wagmi Coin,1405-05-10,0.0,,unrecoverable,both USD and Toman prices are non-positive; no defensible reconstruction
crypto,marketdata_cryptohistory[close_price_usd],Wall Street Games,1405-05-10,0.0,,unrecoverable,both USD and Toman prices are non-positive; no defensible reconstruction
crypto,marketdata_cryptohistory[close_price_usd],XDoge,1405-05-10,0.0,,unrecoverable,both USD and Toman prices are non-positive; no defensible reconstruction
crypto,marketdata_cryptohistory[close_price_usd],XRP 2.0,1405-05-10,0.0,,unrecoverable,both USD and Toman prices are non-positive; no defensible reconstruction
crypto,marketdata_cryptohistory[close_price_usd],YAK,1405-05-10,0.0,,unrecoverable,both USD and Toman prices are non-positive; no defensible reconstruction
crypto,marketdata_cryptohistory[close_price_usd],Zeus (truezeuscoin.com),1405-05-10,0.0,,unrecoverable,both USD and Toman prices are non-positive; no defensible reconstruction
crypto,marketdata_cryptohistory[close_price_usd],tomiNet,1405-05-10,0.0,,unrecoverable,both USD and Toman prices are non-positive; no defensible reconstruction
crypto,marketdata_cryptohistory[close_price_usd],ArbDoge AI,1405-05-11,0.0,,unrecoverable,both USD and Toman prices are non-positive; no defensible reconstruction
crypto,marketdata_cryptohistory[close_price_usd],BNBTiger,1405-05-11,0.0,,unrecoverable,both USD and Toman prices are non-positive; no defensible reconstruction
crypto,marketdata_cryptohistory[close_price_usd],Baby Grok (babygrok.ai),1405-05-11,0.0,,unrecoverable,both USD and Toman prices are non-positive; no defensible reconstruction
crypto,marketdata_cryptohistory[close_price_usd],Kishu Inu,1405-05-11,0.0,,unrecoverable,both USD and Toman prices are non-positive; no defensible reconstruction
crypto,marketdata_cryptohistory[close_price_usd],Manchester City Fan Token,1405-05-11,0.0,,unrecoverable,both USD and Toman prices are non-positive; no defensible reconstruction
crypto,marketdata_cryptohistory[close_price_usd],Manta Network,1405-05-11,0.0,,unrecoverable,both USD and Toman prices are non-positive; no defensible reconstruction
crypto,marketdata_cryptohistory[close_price_usd],Pitbull,1405-05-11,0.0,,unrecoverable,both USD and Toman prices are non-positive; no defensible reconstruction
crypto,marketdata_cryptohistory[close_price_usd],Sperax,1405-05-11,0.0,,unrecoverable,both USD and Toman prices are non-positive; no defensible reconstruction
crypto,marketdata_cryptohistory[close_price_usd],TrueFi,1405-05-11,0.0,,unrecoverable,both USD and Toman prices are non-positive; no defensible reconstruction
crypto,marketdata_cryptohistory[close_price_usd],ArbDoge AI,1405-05-12,0.0,,unrecoverable,both USD and Toman prices are non-positive; no defensible reconstruction
crypto,marketdata_cryptohistory[close_price_usd],Atlas (AtlasOfUSA),1405-05-12,0.0,,unrecoverable,both USD and Toman prices are non-positive; no defensible reconstruction
crypto,marketdata_cryptohistory[close_price_usd],BOPPY,1405-05-12,0.0,,unrecoverable,both USD and Toman prices are non-positive; no defensible reconstruction
crypto,marketdata_cryptohistory[close_price_usd],Baby Bonk,1405-05-12,0.0,,unrecoverable,both USD and Toman prices are non-positive; no defensible reconstruction
crypto,marketdata_cryptohistory[close_price_usd],Baby Grok (babygrok.ai),1405-05-12,0.0,,unrecoverable,both USD and Toman prices are non-positive; no defensible reconstruction
crypto,marketdata_cryptohistory[close_price_usd],Baby Neiro BNB,1405-05-12,0.0,,unrecoverable,both USD and Toman prices are non-positive; no defensible reconstruction
crypto,marketdata_cryptohistory[close_price_usd],Biggie,1405-05-12,0.0,,unrecoverable,both USD and Toman prices are non-positive; no defensible reconstruction
crypto,marketdata_cryptohistory[close_price_usd],Boochie by Matt Furie,1405-05-12,0.0,,unrecoverable,both USD and Toman prices are non-positive; no defensible reconstruction
crypto,marketdata_cryptohistory[close_price_usd],Dogey-Inu,1405-05-12,0.0,,unrecoverable,both USD and Toman prices are non-positive; no defensible reconstruction
crypto,marketdata_cryptohistory[close_price_usd],Draggy,1405-05-12,0.0,,unrecoverable,both USD and Toman prices are non-positive; no defensible reconstruction
crypto,marketdata_cryptohistory[close_price_usd],Gremly,1405-05-12,0.0,,unrecoverable,both USD and Toman prices are non-positive; no defensible reconstruction
crypto,marketdata_cryptohistory[close_price_usd],KAI KEN,1405-05-12,0.0,,unrecoverable,both USD and Toman prices are non-positive; no defensible reconstruction
crypto,marketdata_cryptohistory[close_price_usd],Kishu Inu,1405-05-12,0.0,,unrecoverable,both USD and Toman prices are non-positive; no defensible reconstruction
crypto,marketdata_cryptohistory[close_price_usd],Manchester City Fan Token,1405-05-12,0.0,,unrecoverable,both USD and Toman prices are non-positive; no defensible reconstruction
crypto,marketdata_cryptohistory[close_price_usd],Manta Network,1405-05-12,0.0,,unrecoverable,both USD and Toman prices are non-positive; no defensible reconstruction
crypto,marketdata_cryptohistory[close_price_usd],Mystery (MysteryRiderEth),1405-05-12,0.0,,unrecoverable,both USD and Toman prices are non-positive; no defensible reconstruction
crypto,marketdata_cryptohistory[close_price_usd],NFT Art Finance,1405-05-12,0.0,,unrecoverable,both USD and Toman prices are non-positive; no defensible reconstruction
crypto,marketdata_cryptohistory[close_price_usd],Oggy Inu,1405-05-12,0.0,,unrecoverable,both USD and Toman prices are non-positive; no defensible reconstruction
crypto,marketdata_cryptohistory[close_price_usd],Pitbull,1405-05-12,0.0,,unrecoverable,both USD and Toman prices are non-positive; no defensible reconstruction
crypto,marketdata_cryptohistory[close_price_usd],Renewable Energy,1405-05-12,0.0,,unrecoverable,both USD and Toman prices are non-positive; no defensible reconstruction
crypto,marketdata_cryptohistory[close_price_usd],Shiryo,1405-05-12,0.0,,unrecoverable,both USD and Toman prices are non-positive; no defensible reconstruction
crypto,marketdata_cryptohistory[close_price_usd],Sperax,1405-05-12,0.0,,unrecoverable,both USD and Toman prices are non-positive; no defensible reconstruction
crypto,marketdata_cryptohistory[close_price_usd],TrueFi,1405-05-12,0.0,,unrecoverable,both USD and Toman prices are non-positive; no defensible reconstruction
crypto,marketdata_cryptohistory[close_price_usd],Wall Street Games,1405-05-12,0.0,,unrecoverable,both USD and Toman prices are non-positive; no defensible reconstruction
crypto,marketdata_cryptohistory[close_price_usd],Zeus (truezeuscoin.com),1405-05-12,0.0,,unrecoverable,both USD and Toman prices are non-positive; no defensible reconstruction
crypto,marketdata_cryptohistory[close_price_usd],ArbDoge AI,1405-05-13,0.0,,unrecoverable,both USD and Toman prices are non-positive; no defensible reconstruction
crypto,marketdata_cryptohistory[close_price_usd],Baby Grok (babygrok.ai),1405-05-13,0.0,,unrecoverable,both USD and Toman prices are non-positive; no defensible reconstruction
crypto,marketdata_cryptohistory[close_price_usd],Kishu Inu,1405-05-13,0.0,,unrecoverable,both USD and Toman prices are non-positive; no defensible reconstruction
crypto,marketdata_cryptohistory[close_price_usd],Manchester City Fan Token,1405-05-13,0.0,,unrecoverable,both USD and Toman prices are non-positive; no defensible reconstruction
crypto,marketdata_cryptohistory[close_price_usd],Manta Network,1405-05-13,0.0,,unrecoverable,both USD and Toman prices are non-positive; no defensible reconstruction
crypto,marketdata_cryptohistory[close_price_usd],Sperax,1405-05-13,0.0,,unrecoverable,both USD and Toman prices are non-positive; no defensible reconstruction
crypto,marketdata_cryptohistory[close_price_usd],TrueFi,1405-05-13,0.0,,unrecoverable,both USD and Toman prices are non-positive; no defensible reconstruction
crypto,marketdata_cryptohistory[close_price_usd],4-CHAN,1405-05-14,0.0,,unrecoverable,both USD and Toman prices are non-positive; no defensible reconstruction
crypto,marketdata_cryptohistory[close_price_usd],AI PEPE KING,1405-05-14,0.0,,unrecoverable,both USD and Toman prices are non-positive; no defensible reconstruction
crypto,marketdata_cryptohistory[close_price_usd],Acid Toad,1405-05-14,0.0,,unrecoverable,both USD and Toman prices are non-positive; no defensible reconstruction
crypto,marketdata_cryptohistory[close_price_usd],AiShiba,1405-05-14,0.0,,unrecoverable,both USD and Toman prices are non-positive; no defensible reconstruction
crypto,marketdata_cryptohistory[close_price_usd],American Shib,1405-05-14,0.0,,unrecoverable,both USD and Toman prices are non-positive; no defensible reconstruction
crypto,marketdata_cryptohistory[close_price_usd],ArbDoge AI,1405-05-14,0.0,,unrecoverable,both USD and Toman prices are non-positive; no defensible reconstruction
crypto,marketdata_cryptohistory[close_price_usd],Atlas (AtlasOfUSA),1405-05-14,0.0,,unrecoverable,both USD and Toman prices are non-positive; no defensible reconstruction
crypto,marketdata_cryptohistory[close_price_usd],BIBI,1405-05-14,0.0,,unrecoverable,both USD and Toman prices are non-positive; no defensible reconstruction
crypto,marketdata_cryptohistory[close_price_usd],BNB LION,1405-05-14,0.0,,unrecoverable,both USD and Toman prices are non-positive; no defensible reconstruction
crypto,marketdata_cryptohistory[close_price_usd],BNBTiger,1405-05-14,0.0,,unrecoverable,both USD and Toman prices are non-positive; no defensible reconstruction
crypto,marketdata_cryptohistory[close_price_usd],BNBcat,1405-05-14,0.0,,unrecoverable,both USD and Toman prices are non-positive; no defensible reconstruction
crypto,marketdata_cryptohistory[close_price_usd],BNBdoge,1405-05-14,0.0,,unrecoverable,both USD and Toman prices are non-positive; no defensible reconstruction
crypto,marketdata_cryptohistory[close_price_usd],BOPPY,1405-05-14,0.0,,unrecoverable,both USD and Toman prices are non-positive; no defensible reconstruction
crypto,marketdata_cryptohistory[close_price_usd],BOZO,1405-05-14,0.0,,unrecoverable,both USD and Toman prices are non-positive; no defensible reconstruction
crypto,marketdata_cryptohistory[close_price_usd],Baby Bonk,1405-05-14,0.0,,unrecoverable,both USD and Toman prices are non-positive; no defensible reconstruction
crypto,marketdata_cryptohistory[close_price_usd],Baby Grok (babygrok.ai),1405-05-14,0.0,,unrecoverable,both USD and Toman prices are non-positive; no defensible reconstruction
crypto,marketdata_cryptohistory[close_price_usd],Baby Neiro,1405-05-14,0.0,,unrecoverable,both USD and Toman prices are non-positive; no defensible reconstruction
crypto,marketdata_cryptohistory[close_price_usd],Baby Neiro BNB,1405-05-14,0.0,,unrecoverable,both USD and Toman prices are non-positive; no defensible reconstruction
crypto,marketdata_cryptohistory[close_price_usd],Baby Troll,1405-05-14,0.0,,unrecoverable,both USD and Toman prices are non-positive; no defensible reconstruction
crypto,marketdata_cryptohistory[close_price_usd],Bank,1405-05-14,0.0,,unrecoverable,both USD and Toman prices are non-positive; no defensible reconstruction
crypto,marketdata_cryptohistory[close_price_usd],BarbieCrashBandicootRFK888Inu,1405-05-14,0.0,,unrecoverable,both USD and Toman prices are non-positive; no defensible reconstruction
crypto,marketdata_cryptohistory[close_price_usd],Biggie,1405-05-14,0.0,,unrecoverable,both USD and Toman prices are non-positive; no defensible reconstruction
crypto,marketdata_cryptohistory[close_price_usd],BitShiba,1405-05-14,0.0,,unrecoverable,both USD and Toman prices are non-positive; no defensible reconstruction
crypto,marketdata_cryptohistory[close_price_usd],Boochie by Matt Furie,1405-05-14,0.0,,unrecoverable,both USD and Toman prices are non-positive; no defensible reconstruction
crypto,marketdata_cryptohistory[close_price_usd],Book of Baby Memes,1405-05-14,0.0,,unrecoverable,both USD and Toman prices are non-positive; no defensible reconstruction
crypto,marketdata_cryptohistory[close_price_usd],Bostrom,1405-05-14,0.0,,unrecoverable,both USD and Toman prices are non-positive; no defensible reconstruction
crypto,marketdata_cryptohistory[close_price_usd],CHEWY,1405-05-14,0.0,,unrecoverable,both USD and Toman prices are non-positive; no defensible reconstruction
crypto,marketdata_cryptohistory[close_price_usd],CHILI,1405-05-14,0.0,,unrecoverable,both USD and Toman prices are non-positive; no defensible reconstruction
crypto,marketdata_cryptohistory[close_price_usd],CLYDE,1405-05-14,0.0,,unrecoverable,both USD and Toman prices are non-positive; no defensible reconstruction
crypto,marketdata_cryptohistory[close_price_usd],CZodiac Farming Token,1405-05-14,0.0,,unrecoverable,both USD and Toman prices are non-positive; no defensible reconstruction
crypto,marketdata_cryptohistory[close_price_usd],CatCoin,1405-05-14,0.0,,unrecoverable,both USD and Toman prices are non-positive; no defensible reconstruction
crypto,marketdata_cryptohistory[close_price_usd],Catcoin BSC,1405-05-14,0.0,,unrecoverable,both USD and Toman prices are non-positive; no defensible reconstruction
crypto,marketdata_cryptohistory[close_price_usd],Catgirl,1405-05-14,0.0,,unrecoverable,both USD and Toman prices are non-positive; no defensible reconstruction
crypto,marketdata_cryptohistory[close_price_usd],Cope,1405-05-14,0.0,,unrecoverable,both USD and Toman prices are non-positive; no defensible reconstruction
crypto,marketdata_cryptohistory[close_price_usd],Corgidoge,1405-05-14,0.0,,unrecoverable,both USD and Toman prices are non-positive; no defensible reconstruction
crypto,marketdata_cryptohistory[close_price_usd],DOGGO,1405-05-14,0.0,,unrecoverable,both USD and Toman prices are non-positive; no defensible reconstruction
crypto,marketdata_cryptohistory[close_price_usd],Digimon Rabbit,1405-05-14,0.0,,unrecoverable,both USD and Toman prices are non-positive; no defensible reconstruction
crypto,marketdata_cryptohistory[close_price_usd],Doge 2.0,1405-05-14,0.0,,unrecoverable,both USD and Toman prices are non-positive; no defensible reconstruction
crypto,marketdata_cryptohistory[close_price_usd],Doge Killer,1405-05-14,0.0,,unrecoverable,both USD and Toman prices are non-positive; no defensible reconstruction
crypto,marketdata_cryptohistory[close_price_usd],Dogey-Inu,1405-05-14,0.0,,unrecoverable,both USD and Toman prices are non-positive; no defensible reconstruction
crypto,marketdata_cryptohistory[close_price_usd],Draggy,1405-05-14,0.0,,unrecoverable,both USD and Toman prices are non-positive; no defensible reconstruction
crypto,marketdata_cryptohistory[close_price_usd],DragonCoin,1405-05-14,0.0,,unrecoverable,both USD and Toman prices are non-positive; no defensible reconstruction
crypto,marketdata_cryptohistory[close_price_usd],ELON’S CAT,1405-05-14,0.0,,unrecoverable,both USD and Toman prices are non-positive; no defensible reconstruction
crypto,marketdata_cryptohistory[close_price_usd],FaceDAO,1405-05-14,0.0,,unrecoverable,both USD and Toman prices are non-positive; no defensible reconstruction
crypto,marketdata_cryptohistory[close_price_usd],GigaChad,1405-05-14,0.0,,unrecoverable,both USD and Toman prices are non-positive; no defensible reconstruction
crypto,marketdata_cryptohistory[close_price_usd],Gremly,1405-05-14,0.0,,unrecoverable,both USD and Toman prices are non-positive; no defensible reconstruction
crypto,marketdata_cryptohistory[close_price_usd],Grok Girl,1405-05-14,0.0,,unrecoverable,both USD and Toman prices are non-positive; no defensible reconstruction
crypto,marketdata_cryptohistory[close_price_usd],Grok Inu,1405-05-14,0.0,,unrecoverable,both USD and Toman prices are non-positive; no defensible reconstruction
crypto,marketdata_cryptohistory[close_price_usd],Hachi,1405-05-14,0.0,,unrecoverable,both USD and Toman prices are non-positive; no defensible reconstruction
crypto,marketdata_cryptohistory[close_price_usd],Hamster,1405-05-14,0.0,,unrecoverable,both USD and Toman prices are non-positive; no defensible reconstruction
crypto,marketdata_cryptohistory[close_price_usd],Homer,1405-05-14,0.0,,unrecoverable,both USD and Toman prices are non-positive; no defensible reconstruction
crypto,marketdata_cryptohistory[close_price_usd],HowInu,1405-05-14,0.0,,unrecoverable,both USD and Toman prices are non-positive; no defensible reconstruction
crypto,marketdata_cryptohistory[close_price_usd],KAI KEN,1405-05-14,0.0,,unrecoverable,both USD and Toman prices are non-positive; no defensible reconstruction
crypto,marketdata_cryptohistory[close_price_usd],Kishu Inu,1405-05-14,0.0,,unrecoverable,both USD and Toman prices are non-positive; no defensible reconstruction
crypto,marketdata_cryptohistory[close_price_usd],MAGA PEPE (SOL),1405-05-14,0.0,,unrecoverable,both USD and Toman prices are non-positive; no defensible reconstruction
crypto,marketdata_cryptohistory[close_price_usd],MContent,1405-05-14,0.0,,unrecoverable,both USD and Toman prices are non-positive; no defensible reconstruction
crypto,marketdata_cryptohistory[close_price_usd],Manchester City Fan Token,1405-05-14,0.0,,unrecoverable,both USD and Toman prices are non-positive; no defensible reconstruction
crypto,marketdata_cryptohistory[close_price_usd],MangoMan Intelligent,1405-05-14,0.0,,unrecoverable,both USD and Toman prices are non-positive; no defensible reconstruction
crypto,marketdata_cryptohistory[close_price_usd],Manta Network,1405-05-14,0.0,,unrecoverable,both USD and Toman prices are non-positive; no defensible reconstruction
crypto,marketdata_cryptohistory[close_price_usd],MicroDoge,1405-05-14,0.0,,unrecoverable,both USD and Toman prices are non-positive; no defensible reconstruction
crypto,marketdata_cryptohistory[close_price_usd],Moge,1405-05-14,0.0,,unrecoverable,both USD and Toman prices are non-positive; no defensible reconstruction
crypto,marketdata_cryptohistory[close_price_usd],Monkey,1405-05-14,0.0,,unrecoverable,both USD and Toman prices are non-positive; no defensible reconstruction
crypto,marketdata_cryptohistory[close_price_usd],Mononoke Inu,1405-05-14,0.0,,unrecoverable,both USD and Toman prices are non-positive; no defensible reconstruction
crypto,marketdata_cryptohistory[close_price_usd],Mumu,1405-05-14,0.0,,unrecoverable,both USD and Toman prices are non-positive; no defensible reconstruction
crypto,marketdata_cryptohistory[close_price_usd],Mystery (MysteryRiderEth),1405-05-14,0.0,,unrecoverable,both USD and Toman prices are non-positive; no defensible reconstruction
crypto,marketdata_cryptohistory[close_price_usd],NFT Art Finance,1405-05-14,0.0,,unrecoverable,both USD and Toman prices are non-positive; no defensible reconstruction
crypto,marketdata_cryptohistory[close_price_usd],New World Order,1405-05-14,0.0,,unrecoverable,both USD and Toman prices are non-positive; no defensible reconstruction
crypto,marketdata_cryptohistory[close_price_usd],OLYMPIC GAMES DOGE,1405-05-14,0.0,,unrecoverable,both USD and Toman prices are non-positive; no defensible reconstruction
crypto,marketdata_cryptohistory[close_price_usd],Oggy Inu,1405-05-14,0.0,,unrecoverable,both USD and Toman prices are non-positive; no defensible reconstruction
crypto,marketdata_cryptohistory[close_price_usd],PEPE Chain,1405-05-14,0.0,,unrecoverable,both USD and Toman prices are non-positive; no defensible reconstruction
crypto,marketdata_cryptohistory[close_price_usd],PIKACHU INU,1405-05-14,0.0,,unrecoverable,both USD and Toman prices are non-positive; no defensible reconstruction
crypto,marketdata_cryptohistory[close_price_usd],Pepa Inu,1405-05-14,0.0,,unrecoverable,both USD and Toman prices are non-positive; no defensible reconstruction
crypto,marketdata_cryptohistory[close_price_usd],Pepe Coin,1405-05-14,0.0,,unrecoverable,both USD and Toman prices are non-positive; no defensible reconstruction
crypto,marketdata_cryptohistory[close_price_usd],Perry The BNB,1405-05-14,0.0,,unrecoverable,both USD and Toman prices are non-positive; no defensible reconstruction
crypto,marketdata_cryptohistory[close_price_usd],Pitbull,1405-05-14,0.0,,unrecoverable,both USD and Toman prices are non-positive; no defensible reconstruction
crypto,marketdata_cryptohistory[close_price_usd],PolyDoge,1405-05-14,0.0,,unrecoverable,both USD and Toman prices are non-positive; no defensible reconstruction
crypto,marketdata_cryptohistory[close_price_usd],QATAR 2022 TOKEN,1405-05-14,0.0,,unrecoverable,both USD and Toman prices are non-positive; no defensible reconstruction
crypto,marketdata_cryptohistory[close_price_usd],Ratscoin,1405-05-14,0.0,,unrecoverable,both USD and Toman prices are non-positive; no defensible reconstruction
crypto,marketdata_cryptohistory[close_price_usd],Renewable Energy,1405-05-14,0.0,,unrecoverable,both USD and Toman prices are non-positive; no defensible reconstruction
crypto,marketdata_cryptohistory[close_price_usd],RichQUACK.com,1405-05-14,0.0,,unrecoverable,both USD and Toman prices are non-positive; no defensible reconstruction
crypto,marketdata_cryptohistory[close_price_usd],SHIBU INU,1405-05-14,0.0,,unrecoverable,both USD and Toman prices are non-positive; no defensible reconstruction
crypto,marketdata_cryptohistory[close_price_usd],SMILEY,1405-05-14,0.0,,unrecoverable,both USD and Toman prices are non-positive; no defensible reconstruction
crypto,marketdata_cryptohistory[close_price_usd],SPACE DOGE,1405-05-14,0.0,,unrecoverable,both USD and Toman prices are non-positive; no defensible reconstruction
crypto,marketdata_cryptohistory[close_price_usd],Shib2.0,1405-05-14,0.0,,unrecoverable,both USD and Toman prices are non-positive; no defensible reconstruction
crypto,marketdata_cryptohistory[close_price_usd],ShibKiller,1405-05-14,0.0,,unrecoverable,both USD and Toman prices are non-positive; no defensible reconstruction
crypto,marketdata_cryptohistory[close_price_usd],Shiba 2.0,1405-05-14,0.0,,unrecoverable,both USD and Toman prices are non-positive; no defensible reconstruction
crypto,marketdata_cryptohistory[close_price_usd],ShibaDoge,1405-05-14,0.0,,unrecoverable,both USD and Toman prices are non-positive; no defensible reconstruction
crypto,marketdata_cryptohistory[close_price_usd],Shinjiru Inu,1405-05-14,0.0,,unrecoverable,both USD and Toman prices are non-positive; no defensible reconstruction
crypto,marketdata_cryptohistory[close_price_usd],Shiryo,1405-05-14,0.0,,unrecoverable,both USD and Toman prices are non-positive; no defensible reconstruction
crypto,marketdata_cryptohistory[close_price_usd],Solzilla,1405-05-14,0.0,,unrecoverable,both USD and Toman prices are non-positive; no defensible reconstruction
crypto,marketdata_cryptohistory[close_price_usd],Sora Doge,1405-05-14,0.0,,unrecoverable,both USD and Toman prices are non-positive; no defensible reconstruction
crypto,marketdata_cryptohistory[close_price_usd],SpaceXCoin,1405-05-14,0.0,,unrecoverable,both USD and Toman prices are non-positive; no defensible reconstruction
crypto,marketdata_cryptohistory[close_price_usd],Sperax,1405-05-14,0.0,,unrecoverable,both USD and Toman prices are non-positive; no defensible reconstruction
crypto,marketdata_cryptohistory[close_price_usd],Spore,1405-05-14,0.0,,unrecoverable,both USD and Toman prices are non-positive; no defensible reconstruction
crypto,marketdata_cryptohistory[close_price_usd],TangYuan,1405-05-14,0.0,,unrecoverable,both USD and Toman prices are non-positive; no defensible reconstruction
crypto,marketdata_cryptohistory[close_price_usd],Tesla AI,1405-05-14,0.0,,unrecoverable,both USD and Toman prices are non-positive; no defensible reconstruction
crypto,marketdata_cryptohistory[close_price_usd],The Gm Machine,1405-05-14,0.0,,unrecoverable,both USD and Toman prices are non-positive; no defensible reconstruction
crypto,marketdata_cryptohistory[close_price_usd],Titi Financial,1405-05-14,0.0,,unrecoverable,both USD and Toman prices are non-positive; no defensible reconstruction
crypto,marketdata_cryptohistory[close_price_usd],TrueFi,1405-05-14,0.0,,unrecoverable,both USD and Toman prices are non-positive; no defensible reconstruction
crypto,marketdata_cryptohistory[close_price_usd],Wagmi Coin,1405-05-14,0.0,,unrecoverable,both USD and Toman prices are non-positive; no defensible reconstruction
crypto,marketdata_cryptohistory[close_price_usd],Wall Street Games,1405-05-14,0.0,,unrecoverable,both USD and Toman prices are non-positive; no defensible reconstruction
crypto,marketdata_cryptohistory[close_price_usd],XDoge,1405-05-14,0.0,,unrecoverable,both USD and Toman prices are non-positive; no defensible reconstruction
crypto,marketdata_cryptohistory[close_price_usd],XRP 2.0,1405-05-14,0.0,,unrecoverable,both USD and Toman prices are non-positive; no defensible reconstruction
crypto,marketdata_cryptohistory[close_price_usd],YAK,1405-05-14,0.0,,unrecoverable,both USD and Toman prices are non-positive; no defensible reconstruction
crypto,marketdata_cryptohistory[close_price_usd],Zeus (truezeuscoin.com),1405-05-14,0.0,,unrecoverable,both USD and Toman prices are non-positive; no defensible reconstruction
crypto,marketdata_cryptohistory[close_price_usd],tomiNet,1405-05-14,0.0,,unrecoverable,both USD and Toman prices are non-positive; no defensible reconstruction
crypto,marketdata_cryptohistory[close_price_usd],4-CHAN,1405-05-16,0.0,,unrecoverable,both USD and Toman prices are non-positive; no defensible reconstruction
crypto,marketdata_cryptohistory[close_price_usd],AI PEPE KING,1405-05-16,0.0,,unrecoverable,both USD and Toman prices are non-positive; no defensible reconstruction
crypto,marketdata_cryptohistory[close_price_usd],Acid Toad,1405-05-16,0.0,,unrecoverable,both USD and Toman prices are non-positive; no defensible reconstruction
crypto,marketdata_cryptohistory[close_price_usd],AiShiba,1405-05-16,0.0,,unrecoverable,both USD and Toman prices are non-positive; no defensible reconstruction
crypto,marketdata_cryptohistory[close_price_usd],American Shib,1405-05-16,0.0,,unrecoverable,both USD and Toman prices are non-positive; no defensible reconstruction
crypto,marketdata_cryptohistory[close_price_usd],American pepe,1405-05-16,0.0,,unrecoverable,both USD and Toman prices are non-positive; no defensible reconstruction
crypto,marketdata_cryptohistory[close_price_usd],ArbDoge AI,1405-05-16,0.0,,unrecoverable,both USD and Toman prices are non-positive; no defensible reconstruction
crypto,marketdata_cryptohistory[close_price_usd],Atlas (AtlasOfUSA),1405-05-16,0.0,,unrecoverable,both USD and Toman prices are non-positive; no defensible reconstruction
crypto,marketdata_cryptohistory[close_price_usd],BIBI,1405-05-16,0.0,,unrecoverable,both USD and Toman prices are non-positive; no defensible reconstruction
crypto,marketdata_cryptohistory[close_price_usd],BNB LION,1405-05-16,0.0,,unrecoverable,both USD and Toman prices are non-positive; no defensible reconstruction
crypto,marketdata_cryptohistory[close_price_usd],BNBTiger,1405-05-16,0.0,,unrecoverable,both USD and Toman prices are non-positive; no defensible reconstruction
crypto,marketdata_cryptohistory[close_price_usd],BNBcat,1405-05-16,0.0,,unrecoverable,both USD and Toman prices are non-positive; no defensible reconstruction
crypto,marketdata_cryptohistory[close_price_usd],BNBdoge,1405-05-16,0.0,,unrecoverable,both USD and Toman prices are non-positive; no defensible reconstruction
crypto,marketdata_cryptohistory[close_price_usd],BOPPY,1405-05-16,0.0,,unrecoverable,both USD and Toman prices are non-positive; no defensible reconstruction
crypto,marketdata_cryptohistory[close_price_usd],BOZO,1405-05-16,0.0,,unrecoverable,both USD and Toman prices are non-positive; no defensible reconstruction
crypto,marketdata_cryptohistory[close_price_usd],Baby Bonk,1405-05-16,0.0,,unrecoverable,both USD and Toman prices are non-positive; no defensible reconstruction
crypto,marketdata_cryptohistory[close_price_usd],Baby Grok (babygrok.ai),1405-05-16,0.0,,unrecoverable,both USD and Toman prices are non-positive; no defensible reconstruction
crypto,marketdata_cryptohistory[close_price_usd],Baby Neiro,1405-05-16,0.0,,unrecoverable,both USD and Toman prices are non-positive; no defensible reconstruction
crypto,marketdata_cryptohistory[close_price_usd],Baby Neiro BNB,1405-05-16,0.0,,unrecoverable,both USD and Toman prices are non-positive; no defensible reconstruction
crypto,marketdata_cryptohistory[close_price_usd],Baby Troll,1405-05-16,0.0,,unrecoverable,both USD and Toman prices are non-positive; no defensible reconstruction
crypto,marketdata_cryptohistory[close_price_usd],BarbieCrashBandicootRFK888Inu,1405-05-16,0.0,,unrecoverable,both USD and Toman prices are non-positive; no defensible reconstruction
crypto,marketdata_cryptohistory[close_price_usd],Biggie,1405-05-16,0.0,,unrecoverable,both USD and Toman prices are non-positive; no defensible reconstruction
crypto,marketdata_cryptohistory[close_price_usd],BitShiba,1405-05-16,0.0,,unrecoverable,both USD and Toman prices are non-positive; no defensible reconstruction
crypto,marketdata_cryptohistory[close_price_usd],Boochie by Matt Furie,1405-05-16,0.0,,unrecoverable,both USD and Toman prices are non-positive; no defensible reconstruction
crypto,marketdata_cryptohistory[close_price_usd],Book of Baby Memes,1405-05-16,0.0,,unrecoverable,both USD and Toman prices are non-positive; no defensible reconstruction
crypto,marketdata_cryptohistory[close_price_usd],Bostrom,1405-05-16,0.0,,unrecoverable,both USD and Toman prices are non-positive; no defensible reconstruction
crypto,marketdata_cryptohistory[close_price_usd],CHEWY,1405-05-16,0.0,,unrecoverable,both USD and Toman prices are non-positive; no defensible reconstruction
crypto,marketdata_cryptohistory[close_price_usd],CHILI,1405-05-16,0.0,,unrecoverable,both USD and Toman prices are non-positive; no defensible reconstruction
crypto,marketdata_cryptohistory[close_price_usd],CLYDE,1405-05-16,0.0,,unrecoverable,both USD and Toman prices are non-positive; no defensible reconstruction
crypto,marketdata_cryptohistory[close_price_usd],CZodiac Farming Token,1405-05-16,0.0,,unrecoverable,both USD and Toman prices are non-positive; no defensible reconstruction
crypto,marketdata_cryptohistory[close_price_usd],CatCoin,1405-05-16,0.0,,unrecoverable,both USD and Toman prices are non-positive; no defensible reconstruction
crypto,marketdata_cryptohistory[close_price_usd],Catcoin BSC,1405-05-16,0.0,,unrecoverable,both USD and Toman prices are non-positive; no defensible reconstruction
crypto,marketdata_cryptohistory[close_price_usd],Catgirl,1405-05-16,0.0,,unrecoverable,both USD and Toman prices are non-positive; no defensible reconstruction
crypto,marketdata_cryptohistory[close_price_usd],Cope,1405-05-16,0.0,,unrecoverable,both USD and Toman prices are non-positive; no defensible reconstruction
crypto,marketdata_cryptohistory[close_price_usd],Corgidoge,1405-05-16,0.0,,unrecoverable,both USD and Toman prices are non-positive; no defensible reconstruction
crypto,marketdata_cryptohistory[close_price_usd],DOGGO,1405-05-16,0.0,,unrecoverable,both USD and Toman prices are non-positive; no defensible reconstruction
crypto,marketdata_cryptohistory[close_price_usd],Digimon Rabbit,1405-05-16,0.0,,unrecoverable,both USD and Toman prices are non-positive; no defensible reconstruction
crypto,marketdata_cryptohistory[close_price_usd],Doge 2.0,1405-05-16,0.0,,unrecoverable,both USD and Toman prices are non-positive; no defensible reconstruction
crypto,marketdata_cryptohistory[close_price_usd],Doge Killer,1405-05-16,0.0,,unrecoverable,both USD and Toman prices are non-positive; no defensible reconstruction
crypto,marketdata_cryptohistory[close_price_usd],Dogey-Inu,1405-05-16,0.0,,unrecoverable,both USD and Toman prices are non-positive; no defensible reconstruction
crypto,marketdata_cryptohistory[close_price_usd],Draggy,1405-05-16,0.0,,unrecoverable,both USD and Toman prices are non-positive; no defensible reconstruction
crypto,marketdata_cryptohistory[close_price_usd],DragonCoin,1405-05-16,0.0,,unrecoverable,both USD and Toman prices are non-positive; no defensible reconstruction
crypto,marketdata_cryptohistory[close_price_usd],ELON’S CAT,1405-05-16,0.0,,unrecoverable,both USD and Toman prices are non-positive; no defensible reconstruction
crypto,marketdata_cryptohistory[close_price_usd],FaceDAO,1405-05-16,0.0,,unrecoverable,both USD and Toman prices are non-positive; no defensible reconstruction
crypto,marketdata_cryptohistory[close_price_usd],GigaChad,1405-05-16,0.0,,unrecoverable,both USD and Toman prices are non-positive; no defensible reconstruction
crypto,marketdata_cryptohistory[close_price_usd],Gremly,1405-05-16,0.0,,unrecoverable,both USD and Toman prices are non-positive; no defensible reconstruction
crypto,marketdata_cryptohistory[close_price_usd],Grok Girl,1405-05-16,0.0,,unrecoverable,both USD and Toman prices are non-positive; no defensible reconstruction
crypto,marketdata_cryptohistory[close_price_usd],Grok Inu,1405-05-16,0.0,,unrecoverable,both USD and Toman prices are non-positive; no defensible reconstruction
crypto,marketdata_cryptohistory[close_price_usd],Hachi,1405-05-16,0.0,,unrecoverable,both USD and Toman prices are non-positive; no defensible reconstruction
crypto,marketdata_cryptohistory[close_price_usd],Hamster,1405-05-16,0.0,,unrecoverable,both USD and Toman prices are non-positive; no defensible reconstruction
crypto,marketdata_cryptohistory[close_price_usd],Homer,1405-05-16,0.0,,unrecoverable,both USD and Toman prices are non-positive; no defensible reconstruction
crypto,marketdata_cryptohistory[close_price_usd],HowInu,1405-05-16,0.0,,unrecoverable,both USD and Toman prices are non-positive; no defensible reconstruction
crypto,marketdata_cryptohistory[close_price_usd],KAI KEN,1405-05-16,0.0,,unrecoverable,both USD and Toman prices are non-positive; no defensible reconstruction
crypto,marketdata_cryptohistory[close_price_usd],Kishu Inu,1405-05-16,0.0,,unrecoverable,both USD and Toman prices are non-positive; no defensible reconstruction
crypto,marketdata_cryptohistory[close_price_usd],MAGA PEPE (SOL),1405-05-16,0.0,,unrecoverable,both USD and Toman prices are non-positive; no defensible reconstruction
crypto,marketdata_cryptohistory[close_price_usd],MContent,1405-05-16,0.0,,unrecoverable,both USD and Toman prices are non-positive; no defensible reconstruction
crypto,marketdata_cryptohistory[close_price_usd],Manchester City Fan Token,1405-05-16,0.0,,unrecoverable,both USD and Toman prices are non-positive; no defensible reconstruction
crypto,marketdata_cryptohistory[close_price_usd],MangoMan Intelligent,1405-05-16,0.0,,unrecoverable,both USD and Toman prices are non-positive; no defensible reconstruction
crypto,marketdata_cryptohistory[close_price_usd],Manta Network,1405-05-16,0.0,,unrecoverable,both USD and Toman prices are non-positive; no defensible reconstruction
crypto,marketdata_cryptohistory[close_price_usd],MicroDoge,1405-05-16,0.0,,unrecoverable,both USD and Toman prices are non-positive; no defensible reconstruction
crypto,marketdata_cryptohistory[close_price_usd],Moge,1405-05-16,0.0,,unrecoverable,both USD and Toman prices are non-positive; no defensible reconstruction
crypto,marketdata_cryptohistory[close_price_usd],Monkey,1405-05-16,0.0,,unrecoverable,both USD and Toman prices are non-positive; no defensible reconstruction
crypto,marketdata_cryptohistory[close_price_usd],Mononoke Inu,1405-05-16,0.0,,unrecoverable,both USD and Toman prices are non-positive; no defensible reconstruction
crypto,marketdata_cryptohistory[close_price_usd],Mumu,1405-05-16,0.0,,unrecoverable,both USD and Toman prices are non-positive; no defensible reconstruction
crypto,marketdata_cryptohistory[close_price_usd],Mystery (MysteryRiderEth),1405-05-16,0.0,,unrecoverable,both USD and Toman prices are non-positive; no defensible reconstruction
crypto,marketdata_cryptohistory[close_price_usd],NFT Art Finance,1405-05-16,0.0,,unrecoverable,both USD and Toman prices are non-positive; no defensible reconstruction
crypto,marketdata_cryptohistory[close_price_usd],New World Order,1405-05-16,0.0,,unrecoverable,both USD and Toman prices are non-positive; no defensible reconstruction
crypto,marketdata_cryptohistory[close_price_usd],OLYMPIC GAMES DOGE,1405-05-16,0.0,,unrecoverable,both USD and Toman prices are non-positive; no defensible reconstruction
crypto,marketdata_cryptohistory[close_price_usd],Oggy Inu,1405-05-16,0.0,,unrecoverable,both USD and Toman prices are non-positive; no defensible reconstruction
crypto,marketdata_cryptohistory[close_price_usd],PEPE Chain,1405-05-16,0.0,,unrecoverable,both USD and Toman prices are non-positive; no defensible reconstruction
crypto,marketdata_cryptohistory[close_price_usd],PIKACHU INU,1405-05-16,0.0,,unrecoverable,both USD and Toman prices are non-positive; no defensible reconstruction
crypto,marketdata_cryptohistory[close_price_usd],Pepa Inu,1405-05-16,0.0,,unrecoverable,both USD and Toman prices are non-positive; no defensible reconstruction
crypto,marketdata_cryptohistory[close_price_usd],Pepe Coin,1405-05-16,0.0,,unrecoverable,both USD and Toman prices are non-positive; no defensible reconstruction
crypto,marketdata_cryptohistory[close_price_usd],Perry The BNB,1405-05-16,0.0,,unrecoverable,both USD and Toman prices are non-positive; no defensible reconstruction
crypto,marketdata_cryptohistory[close_price_usd],Pitbull,1405-05-16,0.0,,unrecoverable,both USD and Toman prices are non-positive; no defensible reconstruction
crypto,marketdata_cryptohistory[close_price_usd],PolyDoge,1405-05-16,0.0,,unrecoverable,both USD and Toman prices are non-positive; no defensible reconstruction
crypto,marketdata_cryptohistory[close_price_usd],QATAR 2022 TOKEN,1405-05-16,0.0,,unrecoverable,both USD and Toman prices are non-positive; no defensible reconstruction
crypto,marketdata_cryptohistory[close_price_usd],Ratscoin,1405-05-16,0.0,,unrecoverable,both USD and Toman prices are non-positive; no defensible reconstruction
crypto,marketdata_cryptohistory[close_price_usd],Renewable Energy,1405-05-16,0.0,,unrecoverable,both USD and Toman prices are non-positive; no defensible reconstruction
crypto,marketdata_cryptohistory[close_price_usd],RichQUACK.com,1405-05-16,0.0,,unrecoverable,both USD and Toman prices are non-positive; no defensible reconstruction
crypto,marketdata_cryptohistory[close_price_usd],SHIBU INU,1405-05-16,0.0,,unrecoverable,both USD and Toman prices are non-positive; no defensible reconstruction
crypto,marketdata_cryptohistory[close_price_usd],SMILEY,1405-05-16,0.0,,unrecoverable,both USD and Toman prices are non-positive; no defensible reconstruction
crypto,marketdata_cryptohistory[close_price_usd],SPACE DOGE,1405-05-16,0.0,,unrecoverable,both USD and Toman prices are non-positive; no defensible reconstruction
crypto,marketdata_cryptohistory[close_price_usd],Shib2.0,1405-05-16,0.0,,unrecoverable,both USD and Toman prices are non-positive; no defensible reconstruction
crypto,marketdata_cryptohistory[close_price_usd],ShibKiller,1405-05-16,0.0,,unrecoverable,both USD and Toman prices are non-positive; no defensible reconstruction
crypto,marketdata_cryptohistory[close_price_usd],Shiba 2.0,1405-05-16,0.0,,unrecoverable,both USD and Toman prices are non-positive; no defensible reconstruction
crypto,marketdata_cryptohistory[close_price_usd],ShibaDoge,1405-05-16,0.0,,unrecoverable,both USD and Toman prices are non-positive; no defensible reconstruction
crypto,marketdata_cryptohistory[close_price_usd],Shinjiru Inu,1405-05-16,0.0,,unrecoverable,both USD and Toman prices are non-positive; no defensible reconstruction
crypto,marketdata_cryptohistory[close_price_usd],Shiryo,1405-05-16,0.0,,unrecoverable,both USD and Toman prices are non-positive; no defensible reconstruction
crypto,marketdata_cryptohistory[close_price_usd],Solzilla,1405-05-16,0.0,,unrecoverable,both USD and Toman prices are non-positive; no defensible reconstruction
crypto,marketdata_cryptohistory[close_price_usd],Sora Doge,1405-05-16,0.0,,unrecoverable,both USD and Toman prices are non-positive; no defensible reconstruction
crypto,marketdata_cryptohistory[close_price_usd],SpacePi (ETH),1405-05-16,0.0,,unrecoverable,both USD and Toman prices are non-positive; no defensible reconstruction
crypto,marketdata_cryptohistory[close_price_usd],SpaceXCoin,1405-05-16,0.0,,unrecoverable,both USD and Toman prices are non-positive; no defensible reconstruction
crypto,marketdata_cryptohistory[close_price_usd],Sperax,1405-05-16,0.0,,unrecoverable,both USD and Toman prices are non-positive; no defensible reconstruction
crypto,marketdata_cryptohistory[close_price_usd],Spore,1405-05-16,0.0,,unrecoverable,both USD and Toman prices are non-positive; no defensible reconstruction
crypto,marketdata_cryptohistory[close_price_usd],TRUMP,1405-05-16,0.0,,unrecoverable,both USD and Toman prices are non-positive; no defensible reconstruction
crypto,marketdata_cryptohistory[close_price_usd],TangYuan,1405-05-16,0.0,,unrecoverable,both USD and Toman prices are non-positive; no defensible reconstruction
crypto,marketdata_cryptohistory[close_price_usd],Tesla AI,1405-05-16,0.0,,unrecoverable,both USD and Toman prices are non-positive; no defensible reconstruction
crypto,marketdata_cryptohistory[close_price_usd],The Gm Machine,1405-05-16,0.0,,unrecoverable,both USD and Toman prices are non-positive; no defensible reconstruction
crypto,marketdata_cryptohistory[close_price_usd],Titi Financial,1405-05-16,0.0,,unrecoverable,both USD and Toman prices are non-positive; no defensible reconstruction
crypto,marketdata_cryptohistory[close_price_usd],TrueFi,1405-05-16,0.0,,unrecoverable,both USD and Toman prices are non-positive; no defensible reconstruction
crypto,marketdata_cryptohistory[close_price_usd],Wagmi Coin,1405-05-16,0.0,,unrecoverable,both USD and Toman prices are non-positive; no defensible reconstruction
crypto,marketdata_cryptohistory[close_price_usd],Wall Street Games,1405-05-16,0.0,,unrecoverable,both USD and Toman prices are non-positive; no defensible reconstruction
crypto,marketdata_cryptohistory[close_price_usd],XDoge,1405-05-16,0.0,,unrecoverable,both USD and Toman prices are non-positive; no defensible reconstruction
crypto,marketdata_cryptohistory[close_price_usd],XRP 2.0,1405-05-16,0.0,,unrecoverable,both USD and Toman prices are non-positive; no defensible reconstruction
crypto,marketdata_cryptohistory[close_price_usd],YAK,1405-05-16,0.0,,unrecoverable,both USD and Toman prices are non-positive; no defensible reconstruction
crypto,marketdata_cryptohistory[close_price_usd],Zeus (truezeuscoin.com),1405-05-16,0.0,,unrecoverable,both USD and Toman prices are non-positive; no defensible reconstruction
crypto,marketdata_cryptohistory[close_price_usd],tomiNet,1405-05-16,0.0,,unrecoverable,both USD and Toman prices are non-positive; no defensible reconstruction
crypto,marketdata_cryptohistory[close_price_usd],Acid Toad,1405-05-17,0.0,,unrecoverable,both USD and Toman prices are non-positive; no defensible reconstruction
crypto,marketdata_cryptohistory[close_price_usd],ArbDoge AI,1405-05-17,0.0,,unrecoverable,both USD and Toman prices are non-positive; no defensible reconstruction
crypto,marketdata_cryptohistory[close_price_usd],Atlas (AtlasOfUSA),1405-05-17,0.0,,unrecoverable,both USD and Toman prices are non-positive; no defensible reconstruction
crypto,marketdata_cryptohistory[close_price_usd],BNB LION,1405-05-17,0.0,,unrecoverable,both USD and Toman prices are non-positive; no defensible reconstruction
crypto,marketdata_cryptohistory[close_price_usd],BNBTiger,1405-05-17,0.0,,unrecoverable,both USD and Toman prices are non-positive; no defensible reconstruction
crypto,marketdata_cryptohistory[close_price_usd],BOPPY,1405-05-17,0.0,,unrecoverable,both USD and Toman prices are non-positive; no defensible reconstruction
crypto,marketdata_cryptohistory[close_price_usd],BOZO,1405-05-17,0.0,,unrecoverable,both USD and Toman prices are non-positive; no defensible reconstruction
crypto,marketdata_cryptohistory[close_price_usd],Baby Bonk,1405-05-17,0.0,,unrecoverable,both USD and Toman prices are non-positive; no defensible reconstruction
crypto,marketdata_cryptohistory[close_price_usd],Baby Grok (babygrok.ai),1405-05-17,0.0,,unrecoverable,both USD and Toman prices are non-positive; no defensible reconstruction
crypto,marketdata_cryptohistory[close_price_usd],Baby Neiro BNB,1405-05-17,0.0,,unrecoverable,both USD and Toman prices are non-positive; no defensible reconstruction
crypto,marketdata_cryptohistory[close_price_usd],Baby Troll,1405-05-17,0.0,,unrecoverable,both USD and Toman prices are non-positive; no defensible reconstruction
crypto,marketdata_cryptohistory[close_price_usd],Biggie,1405-05-17,0.0,,unrecoverable,both USD and Toman prices are non-positive; no defensible reconstruction
crypto,marketdata_cryptohistory[close_price_usd],BitShiba,1405-05-17,0.0,,unrecoverable,both USD and Toman prices are non-positive; no defensible reconstruction
crypto,marketdata_cryptohistory[close_price_usd],Boochie by Matt Furie,1405-05-17,0.0,,unrecoverable,both USD and Toman prices are non-positive; no defensible reconstruction
crypto,marketdata_cryptohistory[close_price_usd],Book of Baby Memes,1405-05-17,0.0,,unrecoverable,both USD and Toman prices are non-positive; no defensible reconstruction
crypto,marketdata_cryptohistory[close_price_usd],Bostrom,1405-05-17,0.0,,unrecoverable,both USD and Toman prices are non-positive; no defensible reconstruction
crypto,marketdata_cryptohistory[close_price_usd],CHEWY,1405-05-17,0.0,,unrecoverable,both USD and Toman prices are non-positive; no defensible reconstruction
crypto,marketdata_cryptohistory[close_price_usd],CHILI,1405-05-17,0.0,,unrecoverable,both USD and Toman prices are non-positive; no defensible reconstruction
crypto,marketdata_cryptohistory[close_price_usd],CatCoin,1405-05-17,0.0,,unrecoverable,both USD and Toman prices are non-positive; no defensible reconstruction
crypto,marketdata_cryptohistory[close_price_usd],Catcoin BSC,1405-05-17,0.0,,unrecoverable,both USD and Toman prices are non-positive; no defensible reconstruction
crypto,marketdata_cryptohistory[close_price_usd],Catgirl,1405-05-17,0.0,,unrecoverable,both USD and Toman prices are non-positive; no defensible reconstruction
crypto,marketdata_cryptohistory[close_price_usd],Cope,1405-05-17,0.0,,unrecoverable,both USD and Toman prices are non-positive; no defensible reconstruction
crypto,marketdata_cryptohistory[close_price_usd],Corgidoge,1405-05-17,0.0,,unrecoverable,both USD and Toman prices are non-positive; no defensible reconstruction
crypto,marketdata_cryptohistory[close_price_usd],DOGGO,1405-05-17,0.0,,unrecoverable,both USD and Toman prices are non-positive; no defensible reconstruction
crypto,marketdata_cryptohistory[close_price_usd],Doge Killer,1405-05-17,0.0,,unrecoverable,both USD and Toman prices are non-positive; no defensible reconstruction
crypto,marketdata_cryptohistory[close_price_usd],Dogey-Inu,1405-05-17,0.0,,unrecoverable,both USD and Toman prices are non-positive; no defensible reconstruction
crypto,marketdata_cryptohistory[close_price_usd],Draggy,1405-05-17,0.0,,unrecoverable,both USD and Toman prices are non-positive; no defensible reconstruction
crypto,marketdata_cryptohistory[close_price_usd],ELON’S CAT,1405-05-17,0.0,,unrecoverable,both USD and Toman prices are non-positive; no defensible reconstruction
crypto,marketdata_cryptohistory[close_price_usd],FaceDAO,1405-05-17,0.0,,unrecoverable,both USD and Toman prices are non-positive; no defensible reconstruction
crypto,marketdata_cryptohistory[close_price_usd],Gremly,1405-05-17,0.0,,unrecoverable,both USD and Toman prices are non-positive; no defensible reconstruction
crypto,marketdata_cryptohistory[close_price_usd],Grok Girl,1405-05-17,0.0,,unrecoverable,both USD and Toman prices are non-positive; no defensible reconstruction
crypto,marketdata_cryptohistory[close_price_usd],Grok Inu,1405-05-17,0.0,,unrecoverable,both USD and Toman prices are non-positive; no defensible reconstruction
crypto,marketdata_cryptohistory[close_price_usd],Hamster,1405-05-17,0.0,,unrecoverable,both USD and Toman prices are non-positive; no defensible reconstruction
crypto,marketdata_cryptohistory[close_price_usd],Homer,1405-05-17,0.0,,unrecoverable,both USD and Toman prices are non-positive; no defensible reconstruction
crypto,marketdata_cryptohistory[close_price_usd],Kishu Inu,1405-05-17,0.0,,unrecoverable,both USD and Toman prices are non-positive; no defensible reconstruction
crypto,marketdata_cryptohistory[close_price_usd],MContent,1405-05-17,0.0,,unrecoverable,both USD and Toman prices are non-positive; no defensible reconstruction
crypto,marketdata_cryptohistory[close_price_usd],Manchester City Fan Token,1405-05-17,0.0,,unrecoverable,both USD and Toman prices are non-positive; no defensible reconstruction
crypto,marketdata_cryptohistory[close_price_usd],MangoMan Intelligent,1405-05-17,0.0,,unrecoverable,both USD and Toman prices are non-positive; no defensible reconstruction
crypto,marketdata_cryptohistory[close_price_usd],Manta Network,1405-05-17,0.0,,unrecoverable,both USD and Toman prices are non-positive; no defensible reconstruction
crypto,marketdata_cryptohistory[close_price_usd],Mystery (MysteryRiderEth),1405-05-17,0.0,,unrecoverable,both USD and Toman prices are non-positive; no defensible reconstruction
crypto,marketdata_cryptohistory[close_price_usd],NFT Art Finance,1405-05-17,0.0,,unrecoverable,both USD and Toman prices are non-positive; no defensible reconstruction
crypto,marketdata_cryptohistory[close_price_usd],New World Order,1405-05-17,0.0,,unrecoverable,both USD and Toman prices are non-positive; no defensible reconstruction
crypto,marketdata_cryptohistory[close_price_usd],Oggy Inu,1405-05-17,0.0,,unrecoverable,both USD and Toman prices are non-positive; no defensible reconstruction
crypto,marketdata_cryptohistory[close_price_usd],PIKACHU INU,1405-05-17,0.0,,unrecoverable,both USD and Toman prices are non-positive; no defensible reconstruction
crypto,marketdata_cryptohistory[close_price_usd],Pepe Coin,1405-05-17,0.0,,unrecoverable,both USD and Toman prices are non-positive; no defensible reconstruction
crypto,marketdata_cryptohistory[close_price_usd],Perry The BNB,1405-05-17,0.0,,unrecoverable,both USD and Toman prices are non-positive; no defensible reconstruction
crypto,marketdata_cryptohistory[close_price_usd],Pitbull,1405-05-17,0.0,,unrecoverable,both USD and Toman prices are non-positive; no defensible reconstruction
crypto,marketdata_cryptohistory[close_price_usd],QATAR 2022 TOKEN,1405-05-17,0.0,,unrecoverable,both USD and Toman prices are non-positive; no defensible reconstruction
crypto,marketdata_cryptohistory[close_price_usd],Ratscoin,1405-05-17,0.0,,unrecoverable,both USD and Toman prices are non-positive; no defensible reconstruction
crypto,marketdata_cryptohistory[close_price_usd],Renewable Energy,1405-05-17,0.0,,unrecoverable,both USD and Toman prices are non-positive; no defensible reconstruction
crypto,marketdata_cryptohistory[close_price_usd],RichQUACK.com,1405-05-17,0.0,,unrecoverable,both USD and Toman prices are non-positive; no defensible reconstruction
crypto,marketdata_cryptohistory[close_price_usd],SPACE DOGE,1405-05-17,0.0,,unrecoverable,both USD and Toman prices are non-positive; no defensible reconstruction
crypto,marketdata_cryptohistory[close_price_usd],ShibKiller,1405-05-17,0.0,,unrecoverable,both USD and Toman prices are non-positive; no defensible reconstruction
crypto,marketdata_cryptohistory[close_price_usd],ShibaDoge,1405-05-17,0.0,,unrecoverable,both USD and Toman prices are non-positive; no defensible reconstruction
crypto,marketdata_cryptohistory[close_price_usd],Shinjiru Inu,1405-05-17,0.0,,unrecoverable,both USD and Toman prices are non-positive; no defensible reconstruction
crypto,marketdata_cryptohistory[close_price_usd],Shiryo,1405-05-17,0.0,,unrecoverable,both USD and Toman prices are non-positive; no defensible reconstruction
crypto,marketdata_cryptohistory[close_price_usd],Solzilla,1405-05-17,0.0,,unrecoverable,both USD and Toman prices are non-positive; no defensible reconstruction
crypto,marketdata_cryptohistory[close_price_usd],Sora Doge,1405-05-17,0.0,,unrecoverable,both USD and Toman prices are non-positive; no defensible reconstruction
crypto,marketdata_cryptohistory[close_price_usd],SpaceXCoin,1405-05-17,0.0,,unrecoverable,both USD and Toman prices are non-positive; no defensible reconstruction
crypto,marketdata_cryptohistory[close_price_usd],Sperax,1405-05-17,0.0,,unrecoverable,both USD and Toman prices are non-positive; no defensible reconstruction
crypto,marketdata_cryptohistory[close_price_usd],Spore,1405-05-17,0.0,,unrecoverable,both USD and Toman prices are non-positive; no defensible reconstruction
crypto,marketdata_cryptohistory[close_price_usd],TangYuan,1405-05-17,0.0,,unrecoverable,both USD and Toman prices are non-positive; no defensible reconstruction
crypto,marketdata_cryptohistory[close_price_usd],Tesla AI,1405-05-17,0.0,,unrecoverable,both USD and Toman prices are non-positive; no defensible reconstruction
crypto,marketdata_cryptohistory[close_price_usd],The Gm Machine,1405-05-17,0.0,,unrecoverable,both USD and Toman prices are non-positive; no defensible reconstruction
crypto,marketdata_cryptohistory[close_price_usd],Titi Financial,1405-05-17,0.0,,unrecoverable,both USD and Toman prices are non-positive; no defensible reconstruction
crypto,marketdata_cryptohistory[close_price_usd],TrueFi,1405-05-17,0.0,,unrecoverable,both USD and Toman prices are non-positive; no defensible reconstruction
crypto,marketdata_cryptohistory[close_price_usd],Wall Street Games,1405-05-17,0.0,,unrecoverable,both USD and Toman prices are non-positive; no defensible reconstruction
crypto,marketdata_cryptohistory[close_price_usd],YAK,1405-05-17,0.0,,unrecoverable,both USD and Toman prices are non-positive; no defensible reconstruction
crypto,marketdata_cryptohistory[close_price_usd],Zeus (truezeuscoin.com),1405-05-17,0.0,,unrecoverable,both USD and Toman prices are non-positive; no defensible reconstruction
crypto,marketdata_cryptohistory[close_price_usd],henlo,1405-05-17,0.0,,unrecoverable,both USD and Toman prices are non-positive; no defensible reconstruction
crypto,marketdata_cryptohistory[close_price_usd],tomiNet,1405-05-17,0.0,,unrecoverable,both USD and Toman prices are non-positive; no defensible reconstruction
dates,marketdata_marketcandle,,,2,,suspect,"mixed date_time widths: len=10:3628480, len=19:5654"
census,marketdata_stocktransactiontick,,,15602987,,census,rows=15602987 nulls=0 nonpositive=0 min=300.0 max=303500.0
census,marketdata_reallegalhistory,,,1619327,,census,rows=1619327
census,marketdata_codalannouncement,,,75467,,census,rows=75467
census,marketdata_shareholderrecord,,,51798,,census,rows=51798
census,marketdata_cryptohistory,,,22570,,suspect,rows=22570 nulls=0 nonpositive=407 min=0.0 max=3741583593.0
census,marketdata_commodityhistory,,,84,,census,rows=84 nulls=0 nonpositive=0 min=2.648 max=17374.0
census,marketdata_marketindexdata,,,3,,census,rows=3
census,marketdata_etfnavhistory,,,0,,census,rows=0
census,marketdata_optioncontracthistory,,,0,,census,rows=0
census,marketdata_stocksymbolmetadata,,,49,,census,rows=49
